[{"name":"di #1","description":"testing","attributes":[{"traitType":"c.png","value":""},{"traitType":"img7.png","value":""},{"traitType":"img8.png","value":""}]},{"name":"di #2","description":"testing","attributes":[{"traitType":"c.png","value":""},{"traitType":"img7.png","value":""},{"traitType":"img8.png","value":""}]},{"name":"di #3","description":"testing","attributes":[{"traitType":"c.png","value":""},{"traitType":"img7.png","value":""},{"traitType":"img8.png","value":""}]},{"name":"di #4","description":"testing","attributes":[{"traitType":"c.png","value":""},{"traitType":"img7.png","value":""},{"traitType":"img8.png","value":""}]}]