[{"name":"dhu #1","description":"testing","attributes":[{"traitType":"1.png","value":""},{"traitType":"2.png","value":""},{"traitType":"a.png","value":""}]},{"name":"dhu #2","description":"testing","attributes":[{"traitType":"1.png","value":""},{"traitType":"2.png","value":""},{"traitType":"a.png","value":""}]},{"name":"dhu #3","description":"testing","attributes":[{"traitType":"1.png","value":""},{"traitType":"2.png","value":""},{"traitType":"a.png","value":""}]},{"name":"dhu #4","description":"testing","attributes":[{"traitType":"1.png","value":""},{"traitType":"2.png","value":""},{"traitType":"a.png","value":""}]}]