[{"name":"jkk #1","symbol":"uiu","seller_fee_basis_points":"fdht","description":"jlkjlkmlkl;k","external_link":"google.com","attributes":[{"traitType":"a","value":"Frame.png"},{"traitType":"b","value":"logo512.png"}],"property":{"creators":[{"creator":"io","share":"kjlj"}]},"traits":{"rarity":50}},{"name":"jkk #2","symbol":"uiu","seller_fee_basis_points":"fdht","description":"jlkjlkmlkl;k","external_link":"google.com","attributes":[{"traitType":"a","value":"bg.png"},{"traitType":"b","value":"logo192.png"}],"property":{"creators":[{"creator":"io","share":"kjlj"}]},"traits":{"rarity":50}},{"name":"jkk #3","symbol":"uiu","seller_fee_basis_points":"fdht","description":"jlkjlkmlkl;k","external_link":"google.com","attributes":[{"traitType":"a","value":"bg.png"},{"traitType":"b","value":"logo512.png"}],"property":{"creators":[{"creator":"io","share":"kjlj"}]},"traits":{"rarity":50}},{"name":"jkk #4","symbol":"uiu","seller_fee_basis_points":"fdht","description":"jlkjlkmlkl;k","external_link":"google.com","attributes":[{"traitType":"a","value":"bg.png"},{"traitType":"b","value":"logo192.png"}],"property":{"creators":[{"creator":"io","share":"kjlj"}]},"traits":{"rarity":50}},{"name":"jkk #5","symbol":"uiu","seller_fee_basis_points":"fdht","description":"jlkjlkmlkl;k","external_link":"google.com","attributes":[{"traitType":"a","value":"bg.png"},{"traitType":"b","value":"Vector 11.png"}],"property":{"creators":[{"creator":"io","share":"kjlj"}]},"traits":{"rarity":50}},{"name":"jkk #6","symbol":"uiu","seller_fee_basis_points":"fdht","description":"jlkjlkmlkl;k","external_link":"google.com","attributes":[{"traitType":"a","value":"bg.png"},{"traitType":"b","value":"logo512.png"}],"property":{"creators":[{"creator":"io","share":"kjlj"}]},"traits":{"rarity":50}},{"name":"jkk #7","symbol":"uiu","seller_fee_basis_points":"fdht","description":"jlkjlkmlkl;k","external_link":"google.com","attributes":[{"traitType":"a","value":"favicon.png"},{"traitType":"b","value":"Vector 11.png"}],"property":{"creators":[{"creator":"io","share":"kjlj"}]},"traits":{"rarity":50}},{"name":"jkk #8","symbol":"uiu","seller_fee_basis_points":"fdht","description":"jlkjlkmlkl;k","external_link":"google.com","attributes":[{"traitType":"a","value":"favicon.png"},{"traitType":"b","value":"logo192.png"}],"property":{"creators":[{"creator":"io","share":"kjlj"}]},"traits":{"rarity":50}},{"name":"jkk #9","symbol":"uiu","seller_fee_basis_points":"fdht","description":"jlkjlkmlkl;k","external_link":"google.com","attributes":[{"traitType":"a","value":"Frame.png"},{"traitType":"b","value":"logo512.png"}],"property":{"creators":[{"creator":"io","share":"kjlj"}]},"traits":{"rarity":50}},{"name":"jkk #10","symbol":"uiu","seller_fee_basis_points":"fdht","description":"jlkjlkmlkl;k","external_link":"google.com","attributes":[{"traitType":"a","value":"bg.png"},{"traitType":"b","value":"logo512.png"}],"property":{"creators":[{"creator":"io","share":"kjlj"}]},"traits":{"rarity":50}},{"name":"jkk #11","symbol":"uiu","seller_fee_basis_points":"fdht","description":"jlkjlkmlkl;k","external_link":"google.com","attributes":[{"traitType":"a","value":"bg.png"},{"traitType":"b","value":"Vector 11.png"}],"property":{"creators":[{"creator":"io","share":"kjlj"}]},"traits":{"rarity":50}},{"name":"jkk #12","symbol":"uiu","seller_fee_basis_points":"fdht","description":"jlkjlkmlkl;k","external_link":"google.com","attributes":[{"traitType":"a","value":"favicon.png"},{"traitType":"b","value":"logo512.png"}],"property":{"creators":[{"creator":"io","share":"kjlj"}]},"traits":{"rarity":50}},{"name":"jkk #13","symbol":"uiu","seller_fee_basis_points":"fdht","description":"jlkjlkmlkl;k","external_link":"google.com","attributes":[{"traitType":"a","value":"Frame.png"},{"traitType":"b","value":"logo192.png"}],"property":{"creators":[{"creator":"io","share":"kjlj"}]},"traits":{"rarity":50}},{"name":"jkk #14","symbol":"uiu","seller_fee_basis_points":"fdht","description":"jlkjlkmlkl;k","external_link":"google.com","attributes":[{"traitType":"a","value":"favicon.png"},{"traitType":"b","value":"Vector 11.png"}],"property":{"creators":[{"creator":"io","share":"kjlj"}]},"traits":{"rarity":50}},{"name":"jkk #15","symbol":"uiu","seller_fee_basis_points":"fdht","description":"jlkjlkmlkl;k","external_link":"google.com","attributes":[{"traitType":"a","value":"favicon.png"},{"traitType":"b","value":"logo192.png"}],"property":{"creators":[{"creator":"io","share":"kjlj"}]},"traits":{"rarity":50}},{"name":"jkk #16","symbol":"uiu","seller_fee_basis_points":"fdht","description":"jlkjlkmlkl;k","external_link":"google.com","attributes":[{"traitType":"a","value":"Frame.png"},{"traitType":"b","value":"logo512.png"}],"property":{"creators":[{"creator":"io","share":"kjlj"}]},"traits":{"rarity":50}},{"name":"jkk #17","symbol":"uiu","seller_fee_basis_points":"fdht","description":"jlkjlkmlkl;k","external_link":"google.com","attributes":[{"traitType":"a","value":"Frame.png"},{"traitType":"b","value":"logo512.png"}],"property":{"creators":[{"creator":"io","share":"kjlj"}]},"traits":{"rarity":50}},{"name":"jkk #18","symbol":"uiu","seller_fee_basis_points":"fdht","description":"jlkjlkmlkl;k","external_link":"google.com","attributes":[{"traitType":"a","value":"Frame.png"},{"traitType":"b","value":"logo512.png"}],"property":{"creators":[{"creator":"io","share":"kjlj"}]},"traits":{"rarity":50}},{"name":"jkk #19","symbol":"uiu","seller_fee_basis_points":"fdht","description":"jlkjlkmlkl;k","external_link":"google.com","attributes":[{"traitType":"a","value":"bg.png"},{"traitType":"b","value":"logo512.png"}],"property":{"creators":[{"creator":"io","share":"kjlj"}]},"traits":{"rarity":50}},{"name":"jkk #20","symbol":"uiu","seller_fee_basis_points":"fdht","description":"jlkjlkmlkl;k","external_link":"google.com","attributes":[{"traitType":"a","value":"Frame.png"},{"traitType":"b","value":"logo512.png"}],"property":{"creators":[{"creator":"io","share":"kjlj"}]},"traits":{"rarity":50}},{"name":"jkk #21","symbol":"uiu","seller_fee_basis_points":"fdht","description":"jlkjlkmlkl;k","external_link":"google.com","attributes":[{"traitType":"a","value":"Frame.png"},{"traitType":"b","value":"logo192.png"}],"property":{"creators":[{"creator":"io","share":"kjlj"}]},"traits":{"rarity":50}},{"name":"jkk #22","symbol":"uiu","seller_fee_basis_points":"fdht","description":"jlkjlkmlkl;k","external_link":"google.com","attributes":[{"traitType":"a","value":"favicon.png"},{"traitType":"b","value":"Vector 11.png"}],"property":{"creators":[{"creator":"io","share":"kjlj"}]},"traits":{"rarity":50}},{"name":"jkk #23","symbol":"uiu","seller_fee_basis_points":"fdht","description":"jlkjlkmlkl;k","external_link":"google.com","attributes":[{"traitType":"a","value":"Frame.png"},{"traitType":"b","value":"Vector 11.png"}],"property":{"creators":[{"creator":"io","share":"kjlj"}]},"traits":{"rarity":50}},{"name":"jkk #24","symbol":"uiu","seller_fee_basis_points":"fdht","description":"jlkjlkmlkl;k","external_link":"google.com","attributes":[{"traitType":"a","value":"Frame.png"},{"traitType":"b","value":"Vector 11.png"}],"property":{"creators":[{"creator":"io","share":"kjlj"}]},"traits":{"rarity":50}},{"name":"jkk #25","symbol":"uiu","seller_fee_basis_points":"fdht","description":"jlkjlkmlkl;k","external_link":"google.com","attributes":[{"traitType":"a","value":"Frame.png"},{"traitType":"b","value":"logo512.png"}],"property":{"creators":[{"creator":"io","share":"kjlj"}]},"traits":{"rarity":50}},{"name":"jkk #26","symbol":"uiu","seller_fee_basis_points":"fdht","description":"jlkjlkmlkl;k","external_link":"google.com","attributes":[{"traitType":"a","value":"bg.png"},{"traitType":"b","value":"logo512.png"}],"property":{"creators":[{"creator":"io","share":"kjlj"}]},"traits":{"rarity":50}},{"name":"jkk #27","symbol":"uiu","seller_fee_basis_points":"fdht","description":"jlkjlkmlkl;k","external_link":"google.com","attributes":[{"traitType":"a","value":"Frame.png"},{"traitType":"b","value":"logo512.png"}],"property":{"creators":[{"creator":"io","share":"kjlj"}]},"traits":{"rarity":50}},{"name":"jkk #28","symbol":"uiu","seller_fee_basis_points":"fdht","description":"jlkjlkmlkl;k","external_link":"google.com","attributes":[{"traitType":"a","value":"Frame.png"},{"traitType":"b","value":"logo192.png"}],"property":{"creators":[{"creator":"io","share":"kjlj"}]},"traits":{"rarity":50}},{"name":"jkk #29","symbol":"uiu","seller_fee_basis_points":"fdht","description":"jlkjlkmlkl;k","external_link":"google.com","attributes":[{"traitType":"a","value":"favicon.png"},{"traitType":"b","value":"Vector 11.png"}],"property":{"creators":[{"creator":"io","share":"kjlj"}]},"traits":{"rarity":50}},{"name":"jkk #30","symbol":"uiu","seller_fee_basis_points":"fdht","description":"jlkjlkmlkl;k","external_link":"google.com","attributes":[{"traitType":"a","value":"Frame.png"},{"traitType":"b","value":"logo192.png"}],"property":{"creators":[{"creator":"io","share":"kjlj"}]},"traits":{"rarity":50}},{"name":"jkk #31","symbol":"uiu","seller_fee_basis_points":"fdht","description":"jlkjlkmlkl;k","external_link":"google.com","attributes":[{"traitType":"a","value":"favicon.png"},{"traitType":"b","value":"logo192.png"}],"property":{"creators":[{"creator":"io","share":"kjlj"}]},"traits":{"rarity":50}},{"name":"jkk #32","symbol":"uiu","seller_fee_basis_points":"fdht","description":"jlkjlkmlkl;k","external_link":"google.com","attributes":[{"traitType":"a","value":"favicon.png"},{"traitType":"b","value":"Vector 11.png"}],"property":{"creators":[{"creator":"io","share":"kjlj"}]},"traits":{"rarity":50}},{"name":"jkk #33","symbol":"uiu","seller_fee_basis_points":"fdht","description":"jlkjlkmlkl;k","external_link":"google.com","attributes":[{"traitType":"a","value":"favicon.png"},{"traitType":"b","value":"logo512.png"}],"property":{"creators":[{"creator":"io","share":"kjlj"}]},"traits":{"rarity":50}},{"name":"jkk #34","symbol":"uiu","seller_fee_basis_points":"fdht","description":"jlkjlkmlkl;k","external_link":"google.com","attributes":[{"traitType":"a","value":"Frame.png"},{"traitType":"b","value":"logo512.png"}],"property":{"creators":[{"creator":"io","share":"kjlj"}]},"traits":{"rarity":50}},{"name":"jkk #35","symbol":"uiu","seller_fee_basis_points":"fdht","description":"jlkjlkmlkl;k","external_link":"google.com","attributes":[{"traitType":"a","value":"bg.png"},{"traitType":"b","value":"logo192.png"}],"property":{"creators":[{"creator":"io","share":"kjlj"}]},"traits":{"rarity":50}},{"name":"jkk #36","symbol":"uiu","seller_fee_basis_points":"fdht","description":"jlkjlkmlkl;k","external_link":"google.com","attributes":[{"traitType":"a","value":"bg.png"},{"traitType":"b","value":"logo192.png"}],"property":{"creators":[{"creator":"io","share":"kjlj"}]},"traits":{"rarity":50}},{"name":"jkk #37","symbol":"uiu","seller_fee_basis_points":"fdht","description":"jlkjlkmlkl;k","external_link":"google.com","attributes":[{"traitType":"a","value":"favicon.png"},{"traitType":"b","value":"Vector 11.png"}],"property":{"creators":[{"creator":"io","share":"kjlj"}]},"traits":{"rarity":50}},{"name":"jkk #38","symbol":"uiu","seller_fee_basis_points":"fdht","description":"jlkjlkmlkl;k","external_link":"google.com","attributes":[{"traitType":"a","value":"favicon.png"},{"traitType":"b","value":"logo512.png"}],"property":{"creators":[{"creator":"io","share":"kjlj"}]},"traits":{"rarity":50}},{"name":"jkk #39","symbol":"uiu","seller_fee_basis_points":"fdht","description":"jlkjlkmlkl;k","external_link":"google.com","attributes":[{"traitType":"a","value":"Frame.png"},{"traitType":"b","value":"Vector 11.png"}],"property":{"creators":[{"creator":"io","share":"kjlj"}]},"traits":{"rarity":50}},{"name":"jkk #40","symbol":"uiu","seller_fee_basis_points":"fdht","description":"jlkjlkmlkl;k","external_link":"google.com","attributes":[{"traitType":"a","value":"bg.png"},{"traitType":"b","value":"Vector 11.png"}],"property":{"creators":[{"creator":"io","share":"kjlj"}]},"traits":{"rarity":50}},{"name":"jkk #41","symbol":"uiu","seller_fee_basis_points":"fdht","description":"jlkjlkmlkl;k","external_link":"google.com","attributes":[{"traitType":"a","value":"Frame.png"},{"traitType":"b","value":"logo512.png"}],"property":{"creators":[{"creator":"io","share":"kjlj"}]},"traits":{"rarity":50}},{"name":"jkk #42","symbol":"uiu","seller_fee_basis_points":"fdht","description":"jlkjlkmlkl;k","external_link":"google.com","attributes":[{"traitType":"a","value":"bg.png"},{"traitType":"b","value":"Vector 11.png"}],"property":{"creators":[{"creator":"io","share":"kjlj"}]},"traits":{"rarity":50}},{"name":"jkk #43","symbol":"uiu","seller_fee_basis_points":"fdht","description":"jlkjlkmlkl;k","external_link":"google.com","attributes":[{"traitType":"a","value":"favicon.png"},{"traitType":"b","value":"logo512.png"}],"property":{"creators":[{"creator":"io","share":"kjlj"}]},"traits":{"rarity":50}},{"name":"jkk #44","symbol":"uiu","seller_fee_basis_points":"fdht","description":"jlkjlkmlkl;k","external_link":"google.com","attributes":[{"traitType":"a","value":"bg.png"},{"traitType":"b","value":"logo192.png"}],"property":{"creators":[{"creator":"io","share":"kjlj"}]},"traits":{"rarity":50}},{"name":"jkk #45","symbol":"uiu","seller_fee_basis_points":"fdht","description":"jlkjlkmlkl;k","external_link":"google.com","attributes":[{"traitType":"a","value":"favicon.png"},{"traitType":"b","value":"Vector 11.png"}],"property":{"creators":[{"creator":"io","share":"kjlj"}]},"traits":{"rarity":50}},{"name":"jkk #46","symbol":"uiu","seller_fee_basis_points":"fdht","description":"jlkjlkmlkl;k","external_link":"google.com","attributes":[{"traitType":"a","value":"bg.png"},{"traitType":"b","value":"logo512.png"}],"property":{"creators":[{"creator":"io","share":"kjlj"}]},"traits":{"rarity":50}},{"name":"jkk #47","symbol":"uiu","seller_fee_basis_points":"fdht","description":"jlkjlkmlkl;k","external_link":"google.com","attributes":[{"traitType":"a","value":"bg.png"},{"traitType":"b","value":"Vector 11.png"}],"property":{"creators":[{"creator":"io","share":"kjlj"}]},"traits":{"rarity":50}},{"name":"jkk #48","symbol":"uiu","seller_fee_basis_points":"fdht","description":"jlkjlkmlkl;k","external_link":"google.com","attributes":[{"traitType":"a","value":"bg.png"},{"traitType":"b","value":"logo512.png"}],"property":{"creators":[{"creator":"io","share":"kjlj"}]},"traits":{"rarity":50}},{"name":"jkk #49","symbol":"uiu","seller_fee_basis_points":"fdht","description":"jlkjlkmlkl;k","external_link":"google.com","attributes":[{"traitType":"a","value":"favicon.png"},{"traitType":"b","value":"Vector 11.png"}],"property":{"creators":[{"creator":"io","share":"kjlj"}]},"traits":{"rarity":50}},{"name":"jkk #50","symbol":"uiu","seller_fee_basis_points":"fdht","description":"jlkjlkmlkl;k","external_link":"google.com","attributes":[{"traitType":"a","value":"favicon.png"},{"traitType":"b","value":"Vector 11.png"}],"property":{"creators":[{"creator":"io","share":"kjlj"}]},"traits":{"rarity":50}},{"name":"jkk #51","symbol":"uiu","seller_fee_basis_points":"fdht","description":"jlkjlkmlkl;k","external_link":"google.com","attributes":[{"traitType":"a","value":"bg.png"},{"traitType":"b","value":"logo512.png"}],"property":{"creators":[{"creator":"io","share":"kjlj"}]},"traits":{"rarity":50}},{"name":"jkk #52","symbol":"uiu","seller_fee_basis_points":"fdht","description":"jlkjlkmlkl;k","external_link":"google.com","attributes":[{"traitType":"a","value":"favicon.png"},{"traitType":"b","value":"logo512.png"}],"property":{"creators":[{"creator":"io","share":"kjlj"}]},"traits":{"rarity":50}},{"name":"jkk #53","symbol":"uiu","seller_fee_basis_points":"fdht","description":"jlkjlkmlkl;k","external_link":"google.com","attributes":[{"traitType":"a","value":"Frame.png"},{"traitType":"b","value":"logo192.png"}],"property":{"creators":[{"creator":"io","share":"kjlj"}]},"traits":{"rarity":50}},{"name":"jkk #54","symbol":"uiu","seller_fee_basis_points":"fdht","description":"jlkjlkmlkl;k","external_link":"google.com","attributes":[{"traitType":"a","value":"favicon.png"},{"traitType":"b","value":"logo512.png"}],"property":{"creators":[{"creator":"io","share":"kjlj"}]},"traits":{"rarity":50}},{"name":"jkk #55","symbol":"uiu","seller_fee_basis_points":"fdht","description":"jlkjlkmlkl;k","external_link":"google.com","attributes":[{"traitType":"a","value":"bg.png"},{"traitType":"b","value":"logo192.png"}],"property":{"creators":[{"creator":"io","share":"kjlj"}]},"traits":{"rarity":50}},{"name":"jkk #56","symbol":"uiu","seller_fee_basis_points":"fdht","description":"jlkjlkmlkl;k","external_link":"google.com","attributes":[{"traitType":"a","value":"bg.png"},{"traitType":"b","value":"logo512.png"}],"property":{"creators":[{"creator":"io","share":"kjlj"}]},"traits":{"rarity":50}},{"name":"jkk #57","symbol":"uiu","seller_fee_basis_points":"fdht","description":"jlkjlkmlkl;k","external_link":"google.com","attributes":[{"traitType":"a","value":"bg.png"},{"traitType":"b","value":"Vector 11.png"}],"property":{"creators":[{"creator":"io","share":"kjlj"}]},"traits":{"rarity":50}},{"name":"jkk #58","symbol":"uiu","seller_fee_basis_points":"fdht","description":"jlkjlkmlkl;k","external_link":"google.com","attributes":[{"traitType":"a","value":"favicon.png"},{"traitType":"b","value":"Vector 11.png"}],"property":{"creators":[{"creator":"io","share":"kjlj"}]},"traits":{"rarity":50}},{"name":"jkk #59","symbol":"uiu","seller_fee_basis_points":"fdht","description":"jlkjlkmlkl;k","external_link":"google.com","attributes":[{"traitType":"a","value":"bg.png"},{"traitType":"b","value":"logo512.png"}],"property":{"creators":[{"creator":"io","share":"kjlj"}]},"traits":{"rarity":50}},{"name":"jkk #60","symbol":"uiu","seller_fee_basis_points":"fdht","description":"jlkjlkmlkl;k","external_link":"google.com","attributes":[{"traitType":"a","value":"favicon.png"},{"traitType":"b","value":"logo512.png"}],"property":{"creators":[{"creator":"io","share":"kjlj"}]},"traits":{"rarity":50}},{"name":"jkk #61","symbol":"uiu","seller_fee_basis_points":"fdht","description":"jlkjlkmlkl;k","external_link":"google.com","attributes":[{"traitType":"a","value":"bg.png"},{"traitType":"b","value":"logo512.png"}],"property":{"creators":[{"creator":"io","share":"kjlj"}]},"traits":{"rarity":50}},{"name":"jkk #62","symbol":"uiu","seller_fee_basis_points":"fdht","description":"jlkjlkmlkl;k","external_link":"google.com","attributes":[{"traitType":"a","value":"Frame.png"},{"traitType":"b","value":"logo512.png"}],"property":{"creators":[{"creator":"io","share":"kjlj"}]},"traits":{"rarity":50}},{"name":"jkk #63","symbol":"uiu","seller_fee_basis_points":"fdht","description":"jlkjlkmlkl;k","external_link":"google.com","attributes":[{"traitType":"a","value":"bg.png"},{"traitType":"b","value":"logo512.png"}],"property":{"creators":[{"creator":"io","share":"kjlj"}]},"traits":{"rarity":50}},{"name":"jkk #64","symbol":"uiu","seller_fee_basis_points":"fdht","description":"jlkjlkmlkl;k","external_link":"google.com","attributes":[{"traitType":"a","value":"Frame.png"},{"traitType":"b","value":"logo192.png"}],"property":{"creators":[{"creator":"io","share":"kjlj"}]},"traits":{"rarity":50}},{"name":"jkk #65","symbol":"uiu","seller_fee_basis_points":"fdht","description":"jlkjlkmlkl;k","external_link":"google.com","attributes":[{"traitType":"a","value":"Frame.png"},{"traitType":"b","value":"logo512.png"}],"property":{"creators":[{"creator":"io","share":"kjlj"}]},"traits":{"rarity":50}},{"name":"jkk #66","symbol":"uiu","seller_fee_basis_points":"fdht","description":"jlkjlkmlkl;k","external_link":"google.com","attributes":[{"traitType":"a","value":"bg.png"},{"traitType":"b","value":"logo512.png"}],"property":{"creators":[{"creator":"io","share":"kjlj"}]},"traits":{"rarity":50}},{"name":"jkk #67","symbol":"uiu","seller_fee_basis_points":"fdht","description":"jlkjlkmlkl;k","external_link":"google.com","attributes":[{"traitType":"a","value":"bg.png"},{"traitType":"b","value":"Vector 11.png"}],"property":{"creators":[{"creator":"io","share":"kjlj"}]},"traits":{"rarity":50}},{"name":"jkk #68","symbol":"uiu","seller_fee_basis_points":"fdht","description":"jlkjlkmlkl;k","external_link":"google.com","attributes":[{"traitType":"a","value":"favicon.png"},{"traitType":"b","value":"Vector 11.png"}],"property":{"creators":[{"creator":"io","share":"kjlj"}]},"traits":{"rarity":50}},{"name":"jkk #69","symbol":"uiu","seller_fee_basis_points":"fdht","description":"jlkjlkmlkl;k","external_link":"google.com","attributes":[{"traitType":"a","value":"bg.png"},{"traitType":"b","value":"logo512.png"}],"property":{"creators":[{"creator":"io","share":"kjlj"}]},"traits":{"rarity":50}},{"name":"jkk #70","symbol":"uiu","seller_fee_basis_points":"fdht","description":"jlkjlkmlkl;k","external_link":"google.com","attributes":[{"traitType":"a","value":"Frame.png"},{"traitType":"b","value":"Vector 11.png"}],"property":{"creators":[{"creator":"io","share":"kjlj"}]},"traits":{"rarity":50}},{"name":"jkk #71","symbol":"uiu","seller_fee_basis_points":"fdht","description":"jlkjlkmlkl;k","external_link":"google.com","attributes":[{"traitType":"a","value":"Frame.png"},{"traitType":"b","value":"Vector 11.png"}],"property":{"creators":[{"creator":"io","share":"kjlj"}]},"traits":{"rarity":50}},{"name":"jkk #72","symbol":"uiu","seller_fee_basis_points":"fdht","description":"jlkjlkmlkl;k","external_link":"google.com","attributes":[{"traitType":"a","value":"Frame.png"},{"traitType":"b","value":"logo512.png"}],"property":{"creators":[{"creator":"io","share":"kjlj"}]},"traits":{"rarity":50}},{"name":"jkk #73","symbol":"uiu","seller_fee_basis_points":"fdht","description":"jlkjlkmlkl;k","external_link":"google.com","attributes":[{"traitType":"a","value":"favicon.png"},{"traitType":"b","value":"logo192.png"}],"property":{"creators":[{"creator":"io","share":"kjlj"}]},"traits":{"rarity":50}},{"name":"jkk #74","symbol":"uiu","seller_fee_basis_points":"fdht","description":"jlkjlkmlkl;k","external_link":"google.com","attributes":[{"traitType":"a","value":"bg.png"},{"traitType":"b","value":"logo192.png"}],"property":{"creators":[{"creator":"io","share":"kjlj"}]},"traits":{"rarity":50}},{"name":"jkk #75","symbol":"uiu","seller_fee_basis_points":"fdht","description":"jlkjlkmlkl;k","external_link":"google.com","attributes":[{"traitType":"a","value":"Frame.png"},{"traitType":"b","value":"logo512.png"}],"property":{"creators":[{"creator":"io","share":"kjlj"}]},"traits":{"rarity":50}},{"name":"jkk #76","symbol":"uiu","seller_fee_basis_points":"fdht","description":"jlkjlkmlkl;k","external_link":"google.com","attributes":[{"traitType":"a","value":"Frame.png"},{"traitType":"b","value":"logo192.png"}],"property":{"creators":[{"creator":"io","share":"kjlj"}]},"traits":{"rarity":50}},{"name":"jkk #77","symbol":"uiu","seller_fee_basis_points":"fdht","description":"jlkjlkmlkl;k","external_link":"google.com","attributes":[{"traitType":"a","value":"bg.png"},{"traitType":"b","value":"logo192.png"}],"property":{"creators":[{"creator":"io","share":"kjlj"}]},"traits":{"rarity":50}},{"name":"jkk #78","symbol":"uiu","seller_fee_basis_points":"fdht","description":"jlkjlkmlkl;k","external_link":"google.com","attributes":[{"traitType":"a","value":"Frame.png"},{"traitType":"b","value":"logo512.png"}],"property":{"creators":[{"creator":"io","share":"kjlj"}]},"traits":{"rarity":50}},{"name":"jkk #79","symbol":"uiu","seller_fee_basis_points":"fdht","description":"jlkjlkmlkl;k","external_link":"google.com","attributes":[{"traitType":"a","value":"Frame.png"},{"traitType":"b","value":"logo192.png"}],"property":{"creators":[{"creator":"io","share":"kjlj"}]},"traits":{"rarity":50}},{"name":"jkk #80","symbol":"uiu","seller_fee_basis_points":"fdht","description":"jlkjlkmlkl;k","external_link":"google.com","attributes":[{"traitType":"a","value":"favicon.png"},{"traitType":"b","value":"logo192.png"}],"property":{"creators":[{"creator":"io","share":"kjlj"}]},"traits":{"rarity":50}},{"name":"jkk #81","symbol":"uiu","seller_fee_basis_points":"fdht","description":"jlkjlkmlkl;k","external_link":"google.com","attributes":[{"traitType":"a","value":"favicon.png"},{"traitType":"b","value":"logo512.png"}],"property":{"creators":[{"creator":"io","share":"kjlj"}]},"traits":{"rarity":50}},{"name":"jkk #82","symbol":"uiu","seller_fee_basis_points":"fdht","description":"jlkjlkmlkl;k","external_link":"google.com","attributes":[{"traitType":"a","value":"Frame.png"},{"traitType":"b","value":"logo192.png"}],"property":{"creators":[{"creator":"io","share":"kjlj"}]},"traits":{"rarity":50}},{"name":"jkk #83","symbol":"uiu","seller_fee_basis_points":"fdht","description":"jlkjlkmlkl;k","external_link":"google.com","attributes":[{"traitType":"a","value":"bg.png"},{"traitType":"b","value":"logo512.png"}],"property":{"creators":[{"creator":"io","share":"kjlj"}]},"traits":{"rarity":50}},{"name":"jkk #84","symbol":"uiu","seller_fee_basis_points":"fdht","description":"jlkjlkmlkl;k","external_link":"google.com","attributes":[{"traitType":"a","value":"favicon.png"},{"traitType":"b","value":"Vector 11.png"}],"property":{"creators":[{"creator":"io","share":"kjlj"}]},"traits":{"rarity":50}},{"name":"jkk #85","symbol":"uiu","seller_fee_basis_points":"fdht","description":"jlkjlkmlkl;k","external_link":"google.com","attributes":[{"traitType":"a","value":"favicon.png"},{"traitType":"b","value":"logo192.png"}],"property":{"creators":[{"creator":"io","share":"kjlj"}]},"traits":{"rarity":50}},{"name":"jkk #86","symbol":"uiu","seller_fee_basis_points":"fdht","description":"jlkjlkmlkl;k","external_link":"google.com","attributes":[{"traitType":"a","value":"bg.png"},{"traitType":"b","value":"Vector 11.png"}],"property":{"creators":[{"creator":"io","share":"kjlj"}]},"traits":{"rarity":50}},{"name":"jkk #87","symbol":"uiu","seller_fee_basis_points":"fdht","description":"jlkjlkmlkl;k","external_link":"google.com","attributes":[{"traitType":"a","value":"favicon.png"},{"traitType":"b","value":"logo192.png"}],"property":{"creators":[{"creator":"io","share":"kjlj"}]},"traits":{"rarity":50}},{"name":"jkk #88","symbol":"uiu","seller_fee_basis_points":"fdht","description":"jlkjlkmlkl;k","external_link":"google.com","attributes":[{"traitType":"a","value":"Frame.png"},{"traitType":"b","value":"logo512.png"}],"property":{"creators":[{"creator":"io","share":"kjlj"}]},"traits":{"rarity":50}},{"name":"jkk #89","symbol":"uiu","seller_fee_basis_points":"fdht","description":"jlkjlkmlkl;k","external_link":"google.com","attributes":[{"traitType":"a","value":"Frame.png"},{"traitType":"b","value":"logo192.png"}],"property":{"creators":[{"creator":"io","share":"kjlj"}]},"traits":{"rarity":50}},{"name":"jkk #90","symbol":"uiu","seller_fee_basis_points":"fdht","description":"jlkjlkmlkl;k","external_link":"google.com","attributes":[{"traitType":"a","value":"bg.png"},{"traitType":"b","value":"Vector 11.png"}],"property":{"creators":[{"creator":"io","share":"kjlj"}]},"traits":{"rarity":50}},{"name":"jkk #91","symbol":"uiu","seller_fee_basis_points":"fdht","description":"jlkjlkmlkl;k","external_link":"google.com","attributes":[{"traitType":"a","value":"favicon.png"},{"traitType":"b","value":"logo512.png"}],"property":{"creators":[{"creator":"io","share":"kjlj"}]},"traits":{"rarity":50}},{"name":"jkk #92","symbol":"uiu","seller_fee_basis_points":"fdht","description":"jlkjlkmlkl;k","external_link":"google.com","attributes":[{"traitType":"a","value":"favicon.png"},{"traitType":"b","value":"logo512.png"}],"property":{"creators":[{"creator":"io","share":"kjlj"}]},"traits":{"rarity":50}},{"name":"jkk #93","symbol":"uiu","seller_fee_basis_points":"fdht","description":"jlkjlkmlkl;k","external_link":"google.com","attributes":[{"traitType":"a","value":"bg.png"},{"traitType":"b","value":"logo512.png"}],"property":{"creators":[{"creator":"io","share":"kjlj"}]},"traits":{"rarity":50}},{"name":"jkk #94","symbol":"uiu","seller_fee_basis_points":"fdht","description":"jlkjlkmlkl;k","external_link":"google.com","attributes":[{"traitType":"a","value":"bg.png"},{"traitType":"b","value":"logo192.png"}],"property":{"creators":[{"creator":"io","share":"kjlj"}]},"traits":{"rarity":50}},{"name":"jkk #95","symbol":"uiu","seller_fee_basis_points":"fdht","description":"jlkjlkmlkl;k","external_link":"google.com","attributes":[{"traitType":"a","value":"bg.png"},{"traitType":"b","value":"logo512.png"}],"property":{"creators":[{"creator":"io","share":"kjlj"}]},"traits":{"rarity":50}},{"name":"jkk #96","symbol":"uiu","seller_fee_basis_points":"fdht","description":"jlkjlkmlkl;k","external_link":"google.com","attributes":[{"traitType":"a","value":"Frame.png"},{"traitType":"b","value":"Vector 11.png"}],"property":{"creators":[{"creator":"io","share":"kjlj"}]},"traits":{"rarity":50}},{"name":"jkk #97","symbol":"uiu","seller_fee_basis_points":"fdht","description":"jlkjlkmlkl;k","external_link":"google.com","attributes":[{"traitType":"a","value":"Frame.png"},{"traitType":"b","value":"Vector 11.png"}],"property":{"creators":[{"creator":"io","share":"kjlj"}]},"traits":{"rarity":50}},{"name":"jkk #98","symbol":"uiu","seller_fee_basis_points":"fdht","description":"jlkjlkmlkl;k","external_link":"google.com","attributes":[{"traitType":"a","value":"bg.png"},{"traitType":"b","value":"logo512.png"}],"property":{"creators":[{"creator":"io","share":"kjlj"}]},"traits":{"rarity":50}},{"name":"jkk #99","symbol":"uiu","seller_fee_basis_points":"fdht","description":"jlkjlkmlkl;k","external_link":"google.com","attributes":[{"traitType":"a","value":"bg.png"},{"traitType":"b","value":"Vector 11.png"}],"property":{"creators":[{"creator":"io","share":"kjlj"}]},"traits":{"rarity":50}}]