[{"name":"dwh #1","symbol":"djwk","seller_fee_basis_points":"kdka","description":"testing","external_link":"google.com","attributes":[{"traitType":"1. Mouth","value":"Cigarette"},{"traitType":"2. Eyes","value":"CrazyEyes"},{"traitType":"3. Clothes","value":"VampireCape"},{"traitType":"4. Hats","value":"IkeaHeadband"},{"traitType":"5. Base","value":"Albino"},{"traitType":"6. Background","value":"Pink"},{"traitType":"nft1","value":"1"},{"traitType":"nft2","value":"img8"}],"property":{"creators":[{"creator":"dksmk","share":"dlk"}]},"traits":{"rarity":50}},{"name":"dwh #2","symbol":"djwk","seller_fee_basis_points":"kdka","description":"testing","external_link":"google.com","attributes":[{"traitType":"1. Mouth","value":"Frown"},{"traitType":"2. Eyes","value":"GangsterLook"},{"traitType":"3. Clothes","value":"KnightArmor"},{"traitType":"4. Hats","value":"HairCurler"},{"traitType":"5. Base","value":"Burnt"},{"traitType":"6. Background","value":"CosmicWave"},{"traitType":"nft1","value":"1"},{"traitType":"nft2","value":"img8"}],"property":{"creators":[{"creator":"dksmk","share":"dlk"}]},"traits":{"rarity":50}},{"name":"dwh #3","symbol":"djwk","seller_fee_basis_points":"kdka","description":"testing","external_link":"google.com","attributes":[{"traitType":"1. Mouth","value":"HillBilly"},{"traitType":"2. Eyes","value":"VRGoggles"},{"traitType":"3. Clothes","value":"Buns"},{"traitType":"4. Hats","value":"DevilHorn"},{"traitType":"5. Base","value":"Mummy"},{"traitType":"6. Background","value":"PeacefulLand"},{"traitType":"nft1","value":"2"},{"traitType":"nft2","value":"img7"}],"property":{"creators":[{"creator":"dksmk","share":"dlk"}]},"traits":{"rarity":50}},{"name":"dwh #4","symbol":"djwk","seller_fee_basis_points":"kdka","description":"testing","external_link":"google.com","attributes":[{"traitType":"1. Mouth","value":"RainbowPuke"},{"traitType":"2. Eyes","value":"Curious"},{"traitType":"3. Clothes","value":"TrashCan"},{"traitType":"4. Hats","value":"IkeaHeadband"},{"traitType":"5. Base","value":"PerfectlyCooked"},{"traitType":"6. Background","value":"Pink"},{"traitType":"nft1","value":"a"},{"traitType":"nft2","value":"img7"}],"property":{"creators":[{"creator":"dksmk","share":"dlk"}]},"traits":{"rarity":50}}]