[{"name":"gfh #1","symbol":"kld","seller_fee_basis_points":"lkdj","description":"DWDEJWQLLQ","external_link":"ldl","attributes":[{"traitType":"a","value":"favicon.png"},{"traitType":"b","value":"logo512.png"}],"property":{"creators":[{"creator":"fdha","share":"iwueiwq"}]},"traits":{"rarity":50}},{"name":"gfh #2","symbol":"kld","seller_fee_basis_points":"lkdj","description":"DWDEJWQLLQ","external_link":"ldl","attributes":[{"traitType":"a","value":"bg.png"},{"traitType":"b","value":"logo192.png"}],"property":{"creators":[{"creator":"fdha","share":"iwueiwq"}]},"traits":{"rarity":50}},{"name":"gfh #3","symbol":"kld","seller_fee_basis_points":"lkdj","description":"DWDEJWQLLQ","external_link":"ldl","attributes":[{"traitType":"a","value":"Frame.png"},{"traitType":"b","value":"logo192.png"}],"property":{"creators":[{"creator":"fdha","share":"iwueiwq"}]},"traits":{"rarity":50}},{"name":"gfh #4","symbol":"kld","seller_fee_basis_points":"lkdj","description":"DWDEJWQLLQ","external_link":"ldl","attributes":[{"traitType":"a","value":"favicon.png"},{"traitType":"b","value":"Vector 11.png"}],"property":{"creators":[{"creator":"fdha","share":"iwueiwq"}]},"traits":{"rarity":50}},{"name":"gfh #5","symbol":"kld","seller_fee_basis_points":"lkdj","description":"DWDEJWQLLQ","external_link":"ldl","attributes":[{"traitType":"a","value":"bg.png"},{"traitType":"b","value":"logo192.png"}],"property":{"creators":[{"creator":"fdha","share":"iwueiwq"}]},"traits":{"rarity":50}},{"name":"gfh #6","symbol":"kld","seller_fee_basis_points":"lkdj","description":"DWDEJWQLLQ","external_link":"ldl","attributes":[{"traitType":"a","value":"favicon.png"},{"traitType":"b","value":"logo192.png"}],"property":{"creators":[{"creator":"fdha","share":"iwueiwq"}]},"traits":{"rarity":50}},{"name":"gfh #7","symbol":"kld","seller_fee_basis_points":"lkdj","description":"DWDEJWQLLQ","external_link":"ldl","attributes":[{"traitType":"a","value":"favicon.png"},{"traitType":"b","value":"Vector 11.png"}],"property":{"creators":[{"creator":"fdha","share":"iwueiwq"}]},"traits":{"rarity":50}},{"name":"gfh #8","symbol":"kld","seller_fee_basis_points":"lkdj","description":"DWDEJWQLLQ","external_link":"ldl","attributes":[{"traitType":"a","value":"favicon.png"},{"traitType":"b","value":"logo512.png"}],"property":{"creators":[{"creator":"fdha","share":"iwueiwq"}]},"traits":{"rarity":50}},{"name":"gfh #9","symbol":"kld","seller_fee_basis_points":"lkdj","description":"DWDEJWQLLQ","external_link":"ldl","attributes":[{"traitType":"a","value":"favicon.png"},{"traitType":"b","value":"logo512.png"}],"property":{"creators":[{"creator":"fdha","share":"iwueiwq"}]},"traits":{"rarity":50}},{"name":"gfh #10","symbol":"kld","seller_fee_basis_points":"lkdj","description":"DWDEJWQLLQ","external_link":"ldl","attributes":[{"traitType":"a","value":"Frame.png"},{"traitType":"b","value":"Vector 11.png"}],"property":{"creators":[{"creator":"fdha","share":"iwueiwq"}]},"traits":{"rarity":50}},{"name":"gfh #11","symbol":"kld","seller_fee_basis_points":"lkdj","description":"DWDEJWQLLQ","external_link":"ldl","attributes":[{"traitType":"a","value":"Frame.png"},{"traitType":"b","value":"logo192.png"}],"property":{"creators":[{"creator":"fdha","share":"iwueiwq"}]},"traits":{"rarity":50}},{"name":"gfh #12","symbol":"kld","seller_fee_basis_points":"lkdj","description":"DWDEJWQLLQ","external_link":"ldl","attributes":[{"traitType":"a","value":"Frame.png"},{"traitType":"b","value":"logo192.png"}],"property":{"creators":[{"creator":"fdha","share":"iwueiwq"}]},"traits":{"rarity":50}},{"name":"gfh #13","symbol":"kld","seller_fee_basis_points":"lkdj","description":"DWDEJWQLLQ","external_link":"ldl","attributes":[{"traitType":"a","value":"favicon.png"},{"traitType":"b","value":"logo512.png"}],"property":{"creators":[{"creator":"fdha","share":"iwueiwq"}]},"traits":{"rarity":50}},{"name":"gfh #14","symbol":"kld","seller_fee_basis_points":"lkdj","description":"DWDEJWQLLQ","external_link":"ldl","attributes":[{"traitType":"a","value":"Frame.png"},{"traitType":"b","value":"logo512.png"}],"property":{"creators":[{"creator":"fdha","share":"iwueiwq"}]},"traits":{"rarity":50}},{"name":"gfh #15","symbol":"kld","seller_fee_basis_points":"lkdj","description":"DWDEJWQLLQ","external_link":"ldl","attributes":[{"traitType":"a","value":"bg.png"},{"traitType":"b","value":"logo512.png"}],"property":{"creators":[{"creator":"fdha","share":"iwueiwq"}]},"traits":{"rarity":50}},{"name":"gfh #16","symbol":"kld","seller_fee_basis_points":"lkdj","description":"DWDEJWQLLQ","external_link":"ldl","attributes":[{"traitType":"a","value":"favicon.png"},{"traitType":"b","value":"Vector 11.png"}],"property":{"creators":[{"creator":"fdha","share":"iwueiwq"}]},"traits":{"rarity":50}},{"name":"gfh #17","symbol":"kld","seller_fee_basis_points":"lkdj","description":"DWDEJWQLLQ","external_link":"ldl","attributes":[{"traitType":"a","value":"favicon.png"},{"traitType":"b","value":"logo512.png"}],"property":{"creators":[{"creator":"fdha","share":"iwueiwq"}]},"traits":{"rarity":50}},{"name":"gfh #18","symbol":"kld","seller_fee_basis_points":"lkdj","description":"DWDEJWQLLQ","external_link":"ldl","attributes":[{"traitType":"a","value":"Frame.png"},{"traitType":"b","value":"Vector 11.png"}],"property":{"creators":[{"creator":"fdha","share":"iwueiwq"}]},"traits":{"rarity":50}},{"name":"gfh #19","symbol":"kld","seller_fee_basis_points":"lkdj","description":"DWDEJWQLLQ","external_link":"ldl","attributes":[{"traitType":"a","value":"bg.png"},{"traitType":"b","value":"logo512.png"}],"property":{"creators":[{"creator":"fdha","share":"iwueiwq"}]},"traits":{"rarity":50}},{"name":"gfh #20","symbol":"kld","seller_fee_basis_points":"lkdj","description":"DWDEJWQLLQ","external_link":"ldl","attributes":[{"traitType":"a","value":"favicon.png"},{"traitType":"b","value":"logo512.png"}],"property":{"creators":[{"creator":"fdha","share":"iwueiwq"}]},"traits":{"rarity":50}},{"name":"gfh #21","symbol":"kld","seller_fee_basis_points":"lkdj","description":"DWDEJWQLLQ","external_link":"ldl","attributes":[{"traitType":"a","value":"Frame.png"},{"traitType":"b","value":"Vector 11.png"}],"property":{"creators":[{"creator":"fdha","share":"iwueiwq"}]},"traits":{"rarity":50}},{"name":"gfh #22","symbol":"kld","seller_fee_basis_points":"lkdj","description":"DWDEJWQLLQ","external_link":"ldl","attributes":[{"traitType":"a","value":"favicon.png"},{"traitType":"b","value":"Vector 11.png"}],"property":{"creators":[{"creator":"fdha","share":"iwueiwq"}]},"traits":{"rarity":50}},{"name":"gfh #23","symbol":"kld","seller_fee_basis_points":"lkdj","description":"DWDEJWQLLQ","external_link":"ldl","attributes":[{"traitType":"a","value":"favicon.png"},{"traitType":"b","value":"logo192.png"}],"property":{"creators":[{"creator":"fdha","share":"iwueiwq"}]},"traits":{"rarity":50}},{"name":"gfh #24","symbol":"kld","seller_fee_basis_points":"lkdj","description":"DWDEJWQLLQ","external_link":"ldl","attributes":[{"traitType":"a","value":"bg.png"},{"traitType":"b","value":"Vector 11.png"}],"property":{"creators":[{"creator":"fdha","share":"iwueiwq"}]},"traits":{"rarity":50}},{"name":"gfh #25","symbol":"kld","seller_fee_basis_points":"lkdj","description":"DWDEJWQLLQ","external_link":"ldl","attributes":[{"traitType":"a","value":"Frame.png"},{"traitType":"b","value":"Vector 11.png"}],"property":{"creators":[{"creator":"fdha","share":"iwueiwq"}]},"traits":{"rarity":50}},{"name":"gfh #26","symbol":"kld","seller_fee_basis_points":"lkdj","description":"DWDEJWQLLQ","external_link":"ldl","attributes":[{"traitType":"a","value":"favicon.png"},{"traitType":"b","value":"logo512.png"}],"property":{"creators":[{"creator":"fdha","share":"iwueiwq"}]},"traits":{"rarity":50}},{"name":"gfh #27","symbol":"kld","seller_fee_basis_points":"lkdj","description":"DWDEJWQLLQ","external_link":"ldl","attributes":[{"traitType":"a","value":"favicon.png"},{"traitType":"b","value":"logo512.png"}],"property":{"creators":[{"creator":"fdha","share":"iwueiwq"}]},"traits":{"rarity":50}},{"name":"gfh #28","symbol":"kld","seller_fee_basis_points":"lkdj","description":"DWDEJWQLLQ","external_link":"ldl","attributes":[{"traitType":"a","value":"bg.png"},{"traitType":"b","value":"logo192.png"}],"property":{"creators":[{"creator":"fdha","share":"iwueiwq"}]},"traits":{"rarity":50}},{"name":"gfh #29","symbol":"kld","seller_fee_basis_points":"lkdj","description":"DWDEJWQLLQ","external_link":"ldl","attributes":[{"traitType":"a","value":"favicon.png"},{"traitType":"b","value":"logo512.png"}],"property":{"creators":[{"creator":"fdha","share":"iwueiwq"}]},"traits":{"rarity":50}},{"name":"gfh #30","symbol":"kld","seller_fee_basis_points":"lkdj","description":"DWDEJWQLLQ","external_link":"ldl","attributes":[{"traitType":"a","value":"bg.png"},{"traitType":"b","value":"logo512.png"}],"property":{"creators":[{"creator":"fdha","share":"iwueiwq"}]},"traits":{"rarity":50}},{"name":"gfh #31","symbol":"kld","seller_fee_basis_points":"lkdj","description":"DWDEJWQLLQ","external_link":"ldl","attributes":[{"traitType":"a","value":"favicon.png"},{"traitType":"b","value":"Vector 11.png"}],"property":{"creators":[{"creator":"fdha","share":"iwueiwq"}]},"traits":{"rarity":50}},{"name":"gfh #32","symbol":"kld","seller_fee_basis_points":"lkdj","description":"DWDEJWQLLQ","external_link":"ldl","attributes":[{"traitType":"a","value":"bg.png"},{"traitType":"b","value":"Vector 11.png"}],"property":{"creators":[{"creator":"fdha","share":"iwueiwq"}]},"traits":{"rarity":50}},{"name":"gfh #33","symbol":"kld","seller_fee_basis_points":"lkdj","description":"DWDEJWQLLQ","external_link":"ldl","attributes":[{"traitType":"a","value":"favicon.png"},{"traitType":"b","value":"logo192.png"}],"property":{"creators":[{"creator":"fdha","share":"iwueiwq"}]},"traits":{"rarity":50}},{"name":"gfh #34","symbol":"kld","seller_fee_basis_points":"lkdj","description":"DWDEJWQLLQ","external_link":"ldl","attributes":[{"traitType":"a","value":"Frame.png"},{"traitType":"b","value":"logo192.png"}],"property":{"creators":[{"creator":"fdha","share":"iwueiwq"}]},"traits":{"rarity":50}},{"name":"gfh #35","symbol":"kld","seller_fee_basis_points":"lkdj","description":"DWDEJWQLLQ","external_link":"ldl","attributes":[{"traitType":"a","value":"favicon.png"},{"traitType":"b","value":"logo192.png"}],"property":{"creators":[{"creator":"fdha","share":"iwueiwq"}]},"traits":{"rarity":50}},{"name":"gfh #36","symbol":"kld","seller_fee_basis_points":"lkdj","description":"DWDEJWQLLQ","external_link":"ldl","attributes":[{"traitType":"a","value":"bg.png"},{"traitType":"b","value":"logo192.png"}],"property":{"creators":[{"creator":"fdha","share":"iwueiwq"}]},"traits":{"rarity":50}},{"name":"gfh #37","symbol":"kld","seller_fee_basis_points":"lkdj","description":"DWDEJWQLLQ","external_link":"ldl","attributes":[{"traitType":"a","value":"favicon.png"},{"traitType":"b","value":"logo512.png"}],"property":{"creators":[{"creator":"fdha","share":"iwueiwq"}]},"traits":{"rarity":50}},{"name":"gfh #38","symbol":"kld","seller_fee_basis_points":"lkdj","description":"DWDEJWQLLQ","external_link":"ldl","attributes":[{"traitType":"a","value":"bg.png"},{"traitType":"b","value":"Vector 11.png"}],"property":{"creators":[{"creator":"fdha","share":"iwueiwq"}]},"traits":{"rarity":50}},{"name":"gfh #39","symbol":"kld","seller_fee_basis_points":"lkdj","description":"DWDEJWQLLQ","external_link":"ldl","attributes":[{"traitType":"a","value":"favicon.png"},{"traitType":"b","value":"logo192.png"}],"property":{"creators":[{"creator":"fdha","share":"iwueiwq"}]},"traits":{"rarity":50}},{"name":"gfh #40","symbol":"kld","seller_fee_basis_points":"lkdj","description":"DWDEJWQLLQ","external_link":"ldl","attributes":[{"traitType":"a","value":"favicon.png"},{"traitType":"b","value":"Vector 11.png"}],"property":{"creators":[{"creator":"fdha","share":"iwueiwq"}]},"traits":{"rarity":50}},{"name":"gfh #41","symbol":"kld","seller_fee_basis_points":"lkdj","description":"DWDEJWQLLQ","external_link":"ldl","attributes":[{"traitType":"a","value":"favicon.png"},{"traitType":"b","value":"logo512.png"}],"property":{"creators":[{"creator":"fdha","share":"iwueiwq"}]},"traits":{"rarity":50}},{"name":"gfh #42","symbol":"kld","seller_fee_basis_points":"lkdj","description":"DWDEJWQLLQ","external_link":"ldl","attributes":[{"traitType":"a","value":"bg.png"},{"traitType":"b","value":"logo512.png"}],"property":{"creators":[{"creator":"fdha","share":"iwueiwq"}]},"traits":{"rarity":50}},{"name":"gfh #43","symbol":"kld","seller_fee_basis_points":"lkdj","description":"DWDEJWQLLQ","external_link":"ldl","attributes":[{"traitType":"a","value":"bg.png"},{"traitType":"b","value":"Vector 11.png"}],"property":{"creators":[{"creator":"fdha","share":"iwueiwq"}]},"traits":{"rarity":50}},{"name":"gfh #44","symbol":"kld","seller_fee_basis_points":"lkdj","description":"DWDEJWQLLQ","external_link":"ldl","attributes":[{"traitType":"a","value":"bg.png"},{"traitType":"b","value":"logo192.png"}],"property":{"creators":[{"creator":"fdha","share":"iwueiwq"}]},"traits":{"rarity":50}},{"name":"gfh #45","symbol":"kld","seller_fee_basis_points":"lkdj","description":"DWDEJWQLLQ","external_link":"ldl","attributes":[{"traitType":"a","value":"bg.png"},{"traitType":"b","value":"Vector 11.png"}],"property":{"creators":[{"creator":"fdha","share":"iwueiwq"}]},"traits":{"rarity":50}},{"name":"gfh #46","symbol":"kld","seller_fee_basis_points":"lkdj","description":"DWDEJWQLLQ","external_link":"ldl","attributes":[{"traitType":"a","value":"bg.png"},{"traitType":"b","value":"logo192.png"}],"property":{"creators":[{"creator":"fdha","share":"iwueiwq"}]},"traits":{"rarity":50}},{"name":"gfh #47","symbol":"kld","seller_fee_basis_points":"lkdj","description":"DWDEJWQLLQ","external_link":"ldl","attributes":[{"traitType":"a","value":"Frame.png"},{"traitType":"b","value":"logo512.png"}],"property":{"creators":[{"creator":"fdha","share":"iwueiwq"}]},"traits":{"rarity":50}},{"name":"gfh #48","symbol":"kld","seller_fee_basis_points":"lkdj","description":"DWDEJWQLLQ","external_link":"ldl","attributes":[{"traitType":"a","value":"bg.png"},{"traitType":"b","value":"Vector 11.png"}],"property":{"creators":[{"creator":"fdha","share":"iwueiwq"}]},"traits":{"rarity":50}},{"name":"gfh #49","symbol":"kld","seller_fee_basis_points":"lkdj","description":"DWDEJWQLLQ","external_link":"ldl","attributes":[{"traitType":"a","value":"favicon.png"},{"traitType":"b","value":"logo512.png"}],"property":{"creators":[{"creator":"fdha","share":"iwueiwq"}]},"traits":{"rarity":50}},{"name":"gfh #50","symbol":"kld","seller_fee_basis_points":"lkdj","description":"DWDEJWQLLQ","external_link":"ldl","attributes":[{"traitType":"a","value":"Frame.png"},{"traitType":"b","value":"logo512.png"}],"property":{"creators":[{"creator":"fdha","share":"iwueiwq"}]},"traits":{"rarity":50}},{"name":"gfh #51","symbol":"kld","seller_fee_basis_points":"lkdj","description":"DWDEJWQLLQ","external_link":"ldl","attributes":[{"traitType":"a","value":"Frame.png"},{"traitType":"b","value":"logo512.png"}],"property":{"creators":[{"creator":"fdha","share":"iwueiwq"}]},"traits":{"rarity":50}},{"name":"gfh #52","symbol":"kld","seller_fee_basis_points":"lkdj","description":"DWDEJWQLLQ","external_link":"ldl","attributes":[{"traitType":"a","value":"favicon.png"},{"traitType":"b","value":"logo512.png"}],"property":{"creators":[{"creator":"fdha","share":"iwueiwq"}]},"traits":{"rarity":50}},{"name":"gfh #53","symbol":"kld","seller_fee_basis_points":"lkdj","description":"DWDEJWQLLQ","external_link":"ldl","attributes":[{"traitType":"a","value":"favicon.png"},{"traitType":"b","value":"Vector 11.png"}],"property":{"creators":[{"creator":"fdha","share":"iwueiwq"}]},"traits":{"rarity":50}},{"name":"gfh #54","symbol":"kld","seller_fee_basis_points":"lkdj","description":"DWDEJWQLLQ","external_link":"ldl","attributes":[{"traitType":"a","value":"favicon.png"},{"traitType":"b","value":"logo512.png"}],"property":{"creators":[{"creator":"fdha","share":"iwueiwq"}]},"traits":{"rarity":50}},{"name":"gfh #55","symbol":"kld","seller_fee_basis_points":"lkdj","description":"DWDEJWQLLQ","external_link":"ldl","attributes":[{"traitType":"a","value":"Frame.png"},{"traitType":"b","value":"logo192.png"}],"property":{"creators":[{"creator":"fdha","share":"iwueiwq"}]},"traits":{"rarity":50}},{"name":"gfh #56","symbol":"kld","seller_fee_basis_points":"lkdj","description":"DWDEJWQLLQ","external_link":"ldl","attributes":[{"traitType":"a","value":"favicon.png"},{"traitType":"b","value":"logo512.png"}],"property":{"creators":[{"creator":"fdha","share":"iwueiwq"}]},"traits":{"rarity":50}},{"name":"gfh #57","symbol":"kld","seller_fee_basis_points":"lkdj","description":"DWDEJWQLLQ","external_link":"ldl","attributes":[{"traitType":"a","value":"favicon.png"},{"traitType":"b","value":"Vector 11.png"}],"property":{"creators":[{"creator":"fdha","share":"iwueiwq"}]},"traits":{"rarity":50}},{"name":"gfh #58","symbol":"kld","seller_fee_basis_points":"lkdj","description":"DWDEJWQLLQ","external_link":"ldl","attributes":[{"traitType":"a","value":"bg.png"},{"traitType":"b","value":"Vector 11.png"}],"property":{"creators":[{"creator":"fdha","share":"iwueiwq"}]},"traits":{"rarity":50}},{"name":"gfh #59","symbol":"kld","seller_fee_basis_points":"lkdj","description":"DWDEJWQLLQ","external_link":"ldl","attributes":[{"traitType":"a","value":"favicon.png"},{"traitType":"b","value":"logo192.png"}],"property":{"creators":[{"creator":"fdha","share":"iwueiwq"}]},"traits":{"rarity":50}},{"name":"gfh #60","symbol":"kld","seller_fee_basis_points":"lkdj","description":"DWDEJWQLLQ","external_link":"ldl","attributes":[{"traitType":"a","value":"Frame.png"},{"traitType":"b","value":"Vector 11.png"}],"property":{"creators":[{"creator":"fdha","share":"iwueiwq"}]},"traits":{"rarity":50}},{"name":"gfh #61","symbol":"kld","seller_fee_basis_points":"lkdj","description":"DWDEJWQLLQ","external_link":"ldl","attributes":[{"traitType":"a","value":"Frame.png"},{"traitType":"b","value":"Vector 11.png"}],"property":{"creators":[{"creator":"fdha","share":"iwueiwq"}]},"traits":{"rarity":50}},{"name":"gfh #62","symbol":"kld","seller_fee_basis_points":"lkdj","description":"DWDEJWQLLQ","external_link":"ldl","attributes":[{"traitType":"a","value":"bg.png"},{"traitType":"b","value":"logo512.png"}],"property":{"creators":[{"creator":"fdha","share":"iwueiwq"}]},"traits":{"rarity":50}},{"name":"gfh #63","symbol":"kld","seller_fee_basis_points":"lkdj","description":"DWDEJWQLLQ","external_link":"ldl","attributes":[{"traitType":"a","value":"Frame.png"},{"traitType":"b","value":"logo192.png"}],"property":{"creators":[{"creator":"fdha","share":"iwueiwq"}]},"traits":{"rarity":50}},{"name":"gfh #64","symbol":"kld","seller_fee_basis_points":"lkdj","description":"DWDEJWQLLQ","external_link":"ldl","attributes":[{"traitType":"a","value":"favicon.png"},{"traitType":"b","value":"logo192.png"}],"property":{"creators":[{"creator":"fdha","share":"iwueiwq"}]},"traits":{"rarity":50}},{"name":"gfh #65","symbol":"kld","seller_fee_basis_points":"lkdj","description":"DWDEJWQLLQ","external_link":"ldl","attributes":[{"traitType":"a","value":"bg.png"},{"traitType":"b","value":"logo192.png"}],"property":{"creators":[{"creator":"fdha","share":"iwueiwq"}]},"traits":{"rarity":50}},{"name":"gfh #66","symbol":"kld","seller_fee_basis_points":"lkdj","description":"DWDEJWQLLQ","external_link":"ldl","attributes":[{"traitType":"a","value":"Frame.png"},{"traitType":"b","value":"Vector 11.png"}],"property":{"creators":[{"creator":"fdha","share":"iwueiwq"}]},"traits":{"rarity":50}},{"name":"gfh #67","symbol":"kld","seller_fee_basis_points":"lkdj","description":"DWDEJWQLLQ","external_link":"ldl","attributes":[{"traitType":"a","value":"Frame.png"},{"traitType":"b","value":"logo512.png"}],"property":{"creators":[{"creator":"fdha","share":"iwueiwq"}]},"traits":{"rarity":50}},{"name":"gfh #68","symbol":"kld","seller_fee_basis_points":"lkdj","description":"DWDEJWQLLQ","external_link":"ldl","attributes":[{"traitType":"a","value":"favicon.png"},{"traitType":"b","value":"logo512.png"}],"property":{"creators":[{"creator":"fdha","share":"iwueiwq"}]},"traits":{"rarity":50}},{"name":"gfh #69","symbol":"kld","seller_fee_basis_points":"lkdj","description":"DWDEJWQLLQ","external_link":"ldl","attributes":[{"traitType":"a","value":"Frame.png"},{"traitType":"b","value":"logo512.png"}],"property":{"creators":[{"creator":"fdha","share":"iwueiwq"}]},"traits":{"rarity":50}},{"name":"gfh #70","symbol":"kld","seller_fee_basis_points":"lkdj","description":"DWDEJWQLLQ","external_link":"ldl","attributes":[{"traitType":"a","value":"bg.png"},{"traitType":"b","value":"Vector 11.png"}],"property":{"creators":[{"creator":"fdha","share":"iwueiwq"}]},"traits":{"rarity":50}},{"name":"gfh #71","symbol":"kld","seller_fee_basis_points":"lkdj","description":"DWDEJWQLLQ","external_link":"ldl","attributes":[{"traitType":"a","value":"favicon.png"},{"traitType":"b","value":"logo512.png"}],"property":{"creators":[{"creator":"fdha","share":"iwueiwq"}]},"traits":{"rarity":50}},{"name":"gfh #72","symbol":"kld","seller_fee_basis_points":"lkdj","description":"DWDEJWQLLQ","external_link":"ldl","attributes":[{"traitType":"a","value":"bg.png"},{"traitType":"b","value":"Vector 11.png"}],"property":{"creators":[{"creator":"fdha","share":"iwueiwq"}]},"traits":{"rarity":50}},{"name":"gfh #73","symbol":"kld","seller_fee_basis_points":"lkdj","description":"DWDEJWQLLQ","external_link":"ldl","attributes":[{"traitType":"a","value":"favicon.png"},{"traitType":"b","value":"Vector 11.png"}],"property":{"creators":[{"creator":"fdha","share":"iwueiwq"}]},"traits":{"rarity":50}},{"name":"gfh #74","symbol":"kld","seller_fee_basis_points":"lkdj","description":"DWDEJWQLLQ","external_link":"ldl","attributes":[{"traitType":"a","value":"Frame.png"},{"traitType":"b","value":"logo192.png"}],"property":{"creators":[{"creator":"fdha","share":"iwueiwq"}]},"traits":{"rarity":50}},{"name":"gfh #75","symbol":"kld","seller_fee_basis_points":"lkdj","description":"DWDEJWQLLQ","external_link":"ldl","attributes":[{"traitType":"a","value":"bg.png"},{"traitType":"b","value":"logo512.png"}],"property":{"creators":[{"creator":"fdha","share":"iwueiwq"}]},"traits":{"rarity":50}},{"name":"gfh #76","symbol":"kld","seller_fee_basis_points":"lkdj","description":"DWDEJWQLLQ","external_link":"ldl","attributes":[{"traitType":"a","value":"Frame.png"},{"traitType":"b","value":"Vector 11.png"}],"property":{"creators":[{"creator":"fdha","share":"iwueiwq"}]},"traits":{"rarity":50}},{"name":"gfh #77","symbol":"kld","seller_fee_basis_points":"lkdj","description":"DWDEJWQLLQ","external_link":"ldl","attributes":[{"traitType":"a","value":"favicon.png"},{"traitType":"b","value":"Vector 11.png"}],"property":{"creators":[{"creator":"fdha","share":"iwueiwq"}]},"traits":{"rarity":50}},{"name":"gfh #78","symbol":"kld","seller_fee_basis_points":"lkdj","description":"DWDEJWQLLQ","external_link":"ldl","attributes":[{"traitType":"a","value":"Frame.png"},{"traitType":"b","value":"logo512.png"}],"property":{"creators":[{"creator":"fdha","share":"iwueiwq"}]},"traits":{"rarity":50}},{"name":"gfh #79","symbol":"kld","seller_fee_basis_points":"lkdj","description":"DWDEJWQLLQ","external_link":"ldl","attributes":[{"traitType":"a","value":"favicon.png"},{"traitType":"b","value":"logo512.png"}],"property":{"creators":[{"creator":"fdha","share":"iwueiwq"}]},"traits":{"rarity":50}},{"name":"gfh #80","symbol":"kld","seller_fee_basis_points":"lkdj","description":"DWDEJWQLLQ","external_link":"ldl","attributes":[{"traitType":"a","value":"Frame.png"},{"traitType":"b","value":"Vector 11.png"}],"property":{"creators":[{"creator":"fdha","share":"iwueiwq"}]},"traits":{"rarity":50}},{"name":"gfh #81","symbol":"kld","seller_fee_basis_points":"lkdj","description":"DWDEJWQLLQ","external_link":"ldl","attributes":[{"traitType":"a","value":"Frame.png"},{"traitType":"b","value":"logo512.png"}],"property":{"creators":[{"creator":"fdha","share":"iwueiwq"}]},"traits":{"rarity":50}},{"name":"gfh #82","symbol":"kld","seller_fee_basis_points":"lkdj","description":"DWDEJWQLLQ","external_link":"ldl","attributes":[{"traitType":"a","value":"favicon.png"},{"traitType":"b","value":"logo512.png"}],"property":{"creators":[{"creator":"fdha","share":"iwueiwq"}]},"traits":{"rarity":50}},{"name":"gfh #83","symbol":"kld","seller_fee_basis_points":"lkdj","description":"DWDEJWQLLQ","external_link":"ldl","attributes":[{"traitType":"a","value":"favicon.png"},{"traitType":"b","value":"Vector 11.png"}],"property":{"creators":[{"creator":"fdha","share":"iwueiwq"}]},"traits":{"rarity":50}},{"name":"gfh #84","symbol":"kld","seller_fee_basis_points":"lkdj","description":"DWDEJWQLLQ","external_link":"ldl","attributes":[{"traitType":"a","value":"bg.png"},{"traitType":"b","value":"logo192.png"}],"property":{"creators":[{"creator":"fdha","share":"iwueiwq"}]},"traits":{"rarity":50}},{"name":"gfh #85","symbol":"kld","seller_fee_basis_points":"lkdj","description":"DWDEJWQLLQ","external_link":"ldl","attributes":[{"traitType":"a","value":"Frame.png"},{"traitType":"b","value":"logo192.png"}],"property":{"creators":[{"creator":"fdha","share":"iwueiwq"}]},"traits":{"rarity":50}},{"name":"gfh #86","symbol":"kld","seller_fee_basis_points":"lkdj","description":"DWDEJWQLLQ","external_link":"ldl","attributes":[{"traitType":"a","value":"Frame.png"},{"traitType":"b","value":"logo192.png"}],"property":{"creators":[{"creator":"fdha","share":"iwueiwq"}]},"traits":{"rarity":50}},{"name":"gfh #87","symbol":"kld","seller_fee_basis_points":"lkdj","description":"DWDEJWQLLQ","external_link":"ldl","attributes":[{"traitType":"a","value":"bg.png"},{"traitType":"b","value":"Vector 11.png"}],"property":{"creators":[{"creator":"fdha","share":"iwueiwq"}]},"traits":{"rarity":50}},{"name":"gfh #88","symbol":"kld","seller_fee_basis_points":"lkdj","description":"DWDEJWQLLQ","external_link":"ldl","attributes":[{"traitType":"a","value":"Frame.png"},{"traitType":"b","value":"logo192.png"}],"property":{"creators":[{"creator":"fdha","share":"iwueiwq"}]},"traits":{"rarity":50}},{"name":"gfh #89","symbol":"kld","seller_fee_basis_points":"lkdj","description":"DWDEJWQLLQ","external_link":"ldl","attributes":[{"traitType":"a","value":"bg.png"},{"traitType":"b","value":"Vector 11.png"}],"property":{"creators":[{"creator":"fdha","share":"iwueiwq"}]},"traits":{"rarity":50}},{"name":"gfh #90","symbol":"kld","seller_fee_basis_points":"lkdj","description":"DWDEJWQLLQ","external_link":"ldl","attributes":[{"traitType":"a","value":"Frame.png"},{"traitType":"b","value":"Vector 11.png"}],"property":{"creators":[{"creator":"fdha","share":"iwueiwq"}]},"traits":{"rarity":50}},{"name":"gfh #91","symbol":"kld","seller_fee_basis_points":"lkdj","description":"DWDEJWQLLQ","external_link":"ldl","attributes":[{"traitType":"a","value":"favicon.png"},{"traitType":"b","value":"Vector 11.png"}],"property":{"creators":[{"creator":"fdha","share":"iwueiwq"}]},"traits":{"rarity":50}},{"name":"gfh #92","symbol":"kld","seller_fee_basis_points":"lkdj","description":"DWDEJWQLLQ","external_link":"ldl","attributes":[{"traitType":"a","value":"bg.png"},{"traitType":"b","value":"logo192.png"}],"property":{"creators":[{"creator":"fdha","share":"iwueiwq"}]},"traits":{"rarity":50}},{"name":"gfh #93","symbol":"kld","seller_fee_basis_points":"lkdj","description":"DWDEJWQLLQ","external_link":"ldl","attributes":[{"traitType":"a","value":"bg.png"},{"traitType":"b","value":"Vector 11.png"}],"property":{"creators":[{"creator":"fdha","share":"iwueiwq"}]},"traits":{"rarity":50}},{"name":"gfh #94","symbol":"kld","seller_fee_basis_points":"lkdj","description":"DWDEJWQLLQ","external_link":"ldl","attributes":[{"traitType":"a","value":"Frame.png"},{"traitType":"b","value":"Vector 11.png"}],"property":{"creators":[{"creator":"fdha","share":"iwueiwq"}]},"traits":{"rarity":50}},{"name":"gfh #95","symbol":"kld","seller_fee_basis_points":"lkdj","description":"DWDEJWQLLQ","external_link":"ldl","attributes":[{"traitType":"a","value":"favicon.png"},{"traitType":"b","value":"logo192.png"}],"property":{"creators":[{"creator":"fdha","share":"iwueiwq"}]},"traits":{"rarity":50}},{"name":"gfh #96","symbol":"kld","seller_fee_basis_points":"lkdj","description":"DWDEJWQLLQ","external_link":"ldl","attributes":[{"traitType":"a","value":"bg.png"},{"traitType":"b","value":"logo512.png"}],"property":{"creators":[{"creator":"fdha","share":"iwueiwq"}]},"traits":{"rarity":50}},{"name":"gfh #97","symbol":"kld","seller_fee_basis_points":"lkdj","description":"DWDEJWQLLQ","external_link":"ldl","attributes":[{"traitType":"a","value":"favicon.png"},{"traitType":"b","value":"Vector 11.png"}],"property":{"creators":[{"creator":"fdha","share":"iwueiwq"}]},"traits":{"rarity":50}},{"name":"gfh #98","symbol":"kld","seller_fee_basis_points":"lkdj","description":"DWDEJWQLLQ","external_link":"ldl","attributes":[{"traitType":"a","value":"bg.png"},{"traitType":"b","value":"logo192.png"}],"property":{"creators":[{"creator":"fdha","share":"iwueiwq"}]},"traits":{"rarity":50}},{"name":"gfh #99","symbol":"kld","seller_fee_basis_points":"lkdj","description":"DWDEJWQLLQ","external_link":"ldl","attributes":[{"traitType":"a","value":"bg.png"},{"traitType":"b","value":"logo512.png"}],"property":{"creators":[{"creator":"fdha","share":"iwueiwq"}]},"traits":{"rarity":50}}]