[{"name":"frgf #1","symbol":"rty","seller_fee_basis_points":"uyyyt","description":"testing","external_link":"google.com","attributes":[{"traitType":"1. Mouth","value":"ThiccLips"},{"traitType":"2. Eyes","value":"X"},{"traitType":"3. Clothes","value":"Buns"},{"traitType":"4. Hats","value":"AngelHalo"},{"traitType":"5. Base","value":"PerfectlyCooked"},{"traitType":"6. Background","value":"Clouds"}],"property":{"creators":[{"creator":"hjk","share":"lkkjj"}]},"traits":{"rarity":50}},{"name":"frgf #2","symbol":"rty","seller_fee_basis_points":"uyyyt","description":"testing","external_link":"google.com","attributes":[{"traitType":"1. Mouth","value":"ThiccLips"},{"traitType":"2. Eyes","value":"Angry"},{"traitType":"3. Clothes","value":"VampireCape"},{"traitType":"4. Hats","value":"IkeaHeadband"},{"traitType":"5. Base","value":"Poisoned"},{"traitType":"6. Background","value":"GettingGrilled"}],"property":{"creators":[{"creator":"hjk","share":"lkkjj"}]},"traits":{"rarity":50}},{"name":"frgf #3","symbol":"rty","seller_fee_basis_points":"uyyyt","description":"testing","external_link":"google.com","attributes":[{"traitType":"1. Mouth","value":"ThiccLips"},{"traitType":"2. Eyes","value":"Cucumber"},{"traitType":"3. Clothes","value":"StraitJacket"},{"traitType":"4. Hats","value":"TrashCanLid"},{"traitType":"5. Base","value":"Rainbow"},{"traitType":"6. Background","value":"GettingBoiled"}],"property":{"creators":[{"creator":"hjk","share":"lkkjj"}]},"traits":{"rarity":50}},{"name":"frgf #4","symbol":"rty","seller_fee_basis_points":"uyyyt","description":"testing","external_link":"google.com","attributes":[{"traitType":"1. Mouth","value":"Bubblegum"},{"traitType":"2. Eyes","value":"Cucumber"},{"traitType":"3. Clothes","value":"Bra"},{"traitType":"4. Hats","value":"Afro"},{"traitType":"5. Base","value":"Rainbow"},{"traitType":"6. Background","value":"RainyDay"}],"property":{"creators":[{"creator":"hjk","share":"lkkjj"}]},"traits":{"rarity":50}}]