[{"name":"custom size #1","symbol":"CS","seller_fee_basis_points":"700","description":"testing des","external_link":"google.com","attributes":[{"traitType":"5. Background","traitValue":"AcidGreen.png"},{"traitType":"4. Base","traitValue":"Albino.png"},{"traitType":"3. Eyes","traitValue":"VRGoggles.png"},{"traitType":"2. Mouth","traitValue":"VeryCreepySmile.png"},{"traitType":"1. Clothes","traitValue":"Apron.png"}],"property":{"creators":[{"creator":"3yhMnW4ge7oBZGqxLj2Fug3UvWTjx9cpaFd1rcymVEnx","share":"100"}]},"traits":{"rarity":50}},{"name":"custom size #2","symbol":"CS","seller_fee_basis_points":"700","description":"testing des","external_link":"google.com","attributes":[{"traitType":"5. Background","traitValue":"Purple.png"},{"traitType":"4. Base","traitValue":"Burnt.png"},{"traitType":"3. Eyes","traitValue":"Curious.png"},{"traitType":"2. Mouth","traitValue":"FriendlySmile.png"},{"traitType":"1. Clothes","traitValue":"VampireCape.png"}],"property":{"creators":[{"creator":"3yhMnW4ge7oBZGqxLj2Fug3UvWTjx9cpaFd1rcymVEnx","share":"100"}]},"traits":{"rarity":50}},{"name":"custom size #3","symbol":"CS","seller_fee_basis_points":"700","description":"testing des","external_link":"google.com","attributes":[{"traitType":"5. Background","traitValue":"GettingBoiled.png"},{"traitType":"4. Base","traitValue":"Albino.png"},{"traitType":"3. Eyes","traitValue":"Sunglasses.png"},{"traitType":"2. Mouth","traitValue":"Cigarette.png"},{"traitType":"1. Clothes","traitValue":"Bra.png"}],"property":{"creators":[{"creator":"3yhMnW4ge7oBZGqxLj2Fug3UvWTjx9cpaFd1rcymVEnx","share":"100"}]},"traits":{"rarity":50}},{"name":"custom size #4","symbol":"CS","seller_fee_basis_points":"700","description":"testing des","external_link":"google.com","attributes":[{"traitType":"5. Background","traitValue":"AcidGreen.png"},{"traitType":"4. Base","traitValue":"PerfectlyCooked.png"},{"traitType":"3. Eyes","traitValue":"Curious.png"},{"traitType":"2. Mouth","traitValue":"Pouting.png"},{"traitType":"1. Clothes","traitValue":"Hoodie.png"}],"property":{"creators":[{"creator":"3yhMnW4ge7oBZGqxLj2Fug3UvWTjx9cpaFd1rcymVEnx","share":"100"}]},"traits":{"rarity":50}},{"name":"custom size #5","symbol":"CS","seller_fee_basis_points":"700","description":"testing des","external_link":"google.com","attributes":[{"traitType":"5. Background","traitValue":"GettingBoiled.png"},{"traitType":"4. Base","traitValue":"Burnt.png"},{"traitType":"3. Eyes","traitValue":"VRGoggles.png"},{"traitType":"2. Mouth","traitValue":"oooOOOooo.png"},{"traitType":"1. Clothes","traitValue":"TrashCan.png"}],"property":{"creators":[{"creator":"3yhMnW4ge7oBZGqxLj2Fug3UvWTjx9cpaFd1rcymVEnx","share":"100"}]},"traits":{"rarity":50}},{"name":"custom size #6","symbol":"CS","seller_fee_basis_points":"700","description":"testing des","external_link":"google.com","attributes":[{"traitType":"5. Background","traitValue":"GettingBoiled.png"},{"traitType":"4. Base","traitValue":"Poisoned.png"},{"traitType":"3. Eyes","traitValue":"VRGoggles.png"},{"traitType":"2. Mouth","traitValue":"oooOOOooo.png"},{"traitType":"1. Clothes","traitValue":"VampireCape.png"}],"property":{"creators":[{"creator":"3yhMnW4ge7oBZGqxLj2Fug3UvWTjx9cpaFd1rcymVEnx","share":"100"}]},"traits":{"rarity":50}},{"name":"custom size #7","symbol":"CS","seller_fee_basis_points":"700","description":"testing des","external_link":"google.com","attributes":[{"traitType":"5. Background","traitValue":"AcidGreen.png"},{"traitType":"4. Base","traitValue":"Albino.png"},{"traitType":"3. Eyes","traitValue":"Curious.png"},{"traitType":"2. Mouth","traitValue":"Pouting.png"},{"traitType":"1. Clothes","traitValue":"Hoodie.png"}],"property":{"creators":[{"creator":"3yhMnW4ge7oBZGqxLj2Fug3UvWTjx9cpaFd1rcymVEnx","share":"100"}]},"traits":{"rarity":50}},{"name":"custom size #8","symbol":"CS","seller_fee_basis_points":"700","description":"testing des","external_link":"google.com","attributes":[{"traitType":"5. Background","traitValue":"GettingGrilled.png"},{"traitType":"4. Base","traitValue":"Undercooked.png"},{"traitType":"3. Eyes","traitValue":"Curious.png"},{"traitType":"2. Mouth","traitValue":"Pouting.png"},{"traitType":"1. Clothes","traitValue":"Hoodie.png"}],"property":{"creators":[{"creator":"3yhMnW4ge7oBZGqxLj2Fug3UvWTjx9cpaFd1rcymVEnx","share":"100"}]},"traits":{"rarity":50}},{"name":"custom size #9","symbol":"CS","seller_fee_basis_points":"700","description":"testing des","external_link":"google.com","attributes":[{"traitType":"5. Background","traitValue":"GettingGrilled.png"},{"traitType":"4. Base","traitValue":"SuspiciousBrightRed.png"},{"traitType":"3. Eyes","traitValue":"VRGoggles.png"},{"traitType":"2. Mouth","traitValue":"oooOOOooo.png"},{"traitType":"1. Clothes","traitValue":"Hoodie.png"}],"property":{"creators":[{"creator":"3yhMnW4ge7oBZGqxLj2Fug3UvWTjx9cpaFd1rcymVEnx","share":"100"}]},"traits":{"rarity":50}},{"name":"custom size #10","symbol":"CS","seller_fee_basis_points":"700","description":"testing des","external_link":"google.com","attributes":[{"traitType":"5. Background","traitValue":"GettingGrilled.png"},{"traitType":"4. Base","traitValue":"Albino.png"},{"traitType":"3. Eyes","traitValue":"Sunglasses.png"},{"traitType":"2. Mouth","traitValue":"FriendlySmile.png"},{"traitType":"1. Clothes","traitValue":"Hoodie.png"}],"property":{"creators":[{"creator":"3yhMnW4ge7oBZGqxLj2Fug3UvWTjx9cpaFd1rcymVEnx","share":"100"}]},"traits":{"rarity":50}},{"name":"custom size #11","symbol":"CS","seller_fee_basis_points":"700","description":"testing des","external_link":"google.com","attributes":[{"traitType":"5. Background","traitValue":"GettingGrilled.png"},{"traitType":"4. Base","traitValue":"Undercooked.png"},{"traitType":"3. Eyes","traitValue":"CrazyEyes.png"},{"traitType":"2. Mouth","traitValue":"FriendlySmile.png"},{"traitType":"1. Clothes","traitValue":"TrashCan.png"}],"property":{"creators":[{"creator":"3yhMnW4ge7oBZGqxLj2Fug3UvWTjx9cpaFd1rcymVEnx","share":"100"}]},"traits":{"rarity":50}},{"name":"custom size #12","symbol":"CS","seller_fee_basis_points":"700","description":"testing des","external_link":"google.com","attributes":[{"traitType":"5. Background","traitValue":"GettingBoiled.png"},{"traitType":"4. Base","traitValue":"PerfectlyCooked.png"},{"traitType":"3. Eyes","traitValue":"CrazyEyes.png"},{"traitType":"2. Mouth","traitValue":"Frown.png"},{"traitType":"1. Clothes","traitValue":"Apron.png"}],"property":{"creators":[{"creator":"3yhMnW4ge7oBZGqxLj2Fug3UvWTjx9cpaFd1rcymVEnx","share":"100"}]},"traits":{"rarity":50}},{"name":"custom size #13","symbol":"CS","seller_fee_basis_points":"700","description":"testing des","external_link":"google.com","attributes":[{"traitType":"5. Background","traitValue":"GettingGrilled.png"},{"traitType":"4. Base","traitValue":"PerfectlyCooked.png"},{"traitType":"3. Eyes","traitValue":"GangsterLook.png"},{"traitType":"2. Mouth","traitValue":"Cigarette.png"},{"traitType":"1. Clothes","traitValue":"Apron.png"}],"property":{"creators":[{"creator":"3yhMnW4ge7oBZGqxLj2Fug3UvWTjx9cpaFd1rcymVEnx","share":"100"}]},"traits":{"rarity":50}},{"name":"custom size #14","symbol":"CS","seller_fee_basis_points":"700","description":"testing des","external_link":"google.com","attributes":[{"traitType":"5. Background","traitValue":"AcidGreen.png"},{"traitType":"4. Base","traitValue":"SuspiciousBrightRed.png"},{"traitType":"3. Eyes","traitValue":"Angry.png"},{"traitType":"2. Mouth","traitValue":"Cigarette.png"},{"traitType":"1. Clothes","traitValue":"TrashCan.png"}],"property":{"creators":[{"creator":"3yhMnW4ge7oBZGqxLj2Fug3UvWTjx9cpaFd1rcymVEnx","share":"100"}]},"traits":{"rarity":50}},{"name":"custom size #15","symbol":"CS","seller_fee_basis_points":"700","description":"testing des","external_link":"google.com","attributes":[{"traitType":"5. Background","traitValue":"Pink.png"},{"traitType":"4. Base","traitValue":"Undercooked.png"},{"traitType":"3. Eyes","traitValue":"GangsterLook.png"},{"traitType":"2. Mouth","traitValue":"FriendlySmile.png"},{"traitType":"1. Clothes","traitValue":"Apron.png"}],"property":{"creators":[{"creator":"3yhMnW4ge7oBZGqxLj2Fug3UvWTjx9cpaFd1rcymVEnx","share":"100"}]},"traits":{"rarity":50}},{"name":"custom size #16","symbol":"CS","seller_fee_basis_points":"700","description":"testing des","external_link":"google.com","attributes":[{"traitType":"5. Background","traitValue":"Purple.png"},{"traitType":"4. Base","traitValue":"Undercooked.png"},{"traitType":"3. Eyes","traitValue":"GangsterLook.png"},{"traitType":"2. Mouth","traitValue":"Pouting.png"},{"traitType":"1. Clothes","traitValue":"TrashCan.png"}],"property":{"creators":[{"creator":"3yhMnW4ge7oBZGqxLj2Fug3UvWTjx9cpaFd1rcymVEnx","share":"100"}]},"traits":{"rarity":50}},{"name":"custom size #17","symbol":"CS","seller_fee_basis_points":"700","description":"testing des","external_link":"google.com","attributes":[{"traitType":"5. Background","traitValue":"GettingBoiled.png"},{"traitType":"4. Base","traitValue":"Albino.png"},{"traitType":"3. Eyes","traitValue":"Sunglasses.png"},{"traitType":"2. Mouth","traitValue":"Pouting.png"},{"traitType":"1. Clothes","traitValue":"Bra.png"}],"property":{"creators":[{"creator":"3yhMnW4ge7oBZGqxLj2Fug3UvWTjx9cpaFd1rcymVEnx","share":"100"}]},"traits":{"rarity":50}},{"name":"custom size #18","symbol":"CS","seller_fee_basis_points":"700","description":"testing des","external_link":"google.com","attributes":[{"traitType":"5. Background","traitValue":"Purple.png"},{"traitType":"4. Base","traitValue":"Albino.png"},{"traitType":"3. Eyes","traitValue":"CrazyEyes.png"},{"traitType":"2. Mouth","traitValue":"FriendlySmile.png"},{"traitType":"1. Clothes","traitValue":"Apron.png"}],"property":{"creators":[{"creator":"3yhMnW4ge7oBZGqxLj2Fug3UvWTjx9cpaFd1rcymVEnx","share":"100"}]},"traits":{"rarity":50}},{"name":"custom size #19","symbol":"CS","seller_fee_basis_points":"700","description":"testing des","external_link":"google.com","attributes":[{"traitType":"5. Background","traitValue":"GettingBoiled.png"},{"traitType":"4. Base","traitValue":"Albino.png"},{"traitType":"3. Eyes","traitValue":"CrazyEyes.png"},{"traitType":"2. Mouth","traitValue":"VeryCreepySmile.png"},{"traitType":"1. Clothes","traitValue":"Bra.png"}],"property":{"creators":[{"creator":"3yhMnW4ge7oBZGqxLj2Fug3UvWTjx9cpaFd1rcymVEnx","share":"100"}]},"traits":{"rarity":50}}]