[{"name":"abc #1","symbol":"hjk","seller_fee_basis_points":"kjh","description":"jh","external_link":"jh","attributes":[{"traitType":"BACKGROUND","value":"bg2"},{"traitType":"DINOSAUR BASE","value":"dn3"},{"traitType":"EYE ACCESSORY","value":"e3"},{"traitType":"HEADGEAR","value":"h11"},{"traitType":"LANDS","value":"land1"},{"traitType":"MOUTHPIECE","value":"m5"},{"traitType":"SPEECH BUBBLE","value":"sp3"},{"traitType":"SPIKE","value":"spike1"},{"traitType":"SPOT","value":"spot5"}],"property":{"creators":[{"creator":"hjk","share":"jk"}]},"traits":{"rarity":50}},{"name":"abc #2","symbol":"hjk","seller_fee_basis_points":"kjh","description":"jh","external_link":"jh","attributes":[{"traitType":"BACKGROUND","value":"bg3"},{"traitType":"DINOSAUR BASE","value":"dn1"},{"traitType":"EYE ACCESSORY","value":"e2"},{"traitType":"HEADGEAR","value":"h13"},{"traitType":"LANDS","value":"land1"},{"traitType":"MOUTHPIECE","value":"m3"},{"traitType":"SPEECH BUBBLE","value":"sp1"},{"traitType":"SPIKE","value":"spike1"},{"traitType":"SPOT","value":"spot5"}],"property":{"creators":[{"creator":"hjk","share":"jk"}]},"traits":{"rarity":50}},{"name":"abc #3","symbol":"hjk","seller_fee_basis_points":"kjh","description":"jh","external_link":"jh","attributes":[{"traitType":"BACKGROUND","value":"bg1"},{"traitType":"DINOSAUR BASE","value":"dn4"},{"traitType":"EYE ACCESSORY","value":"e3"},{"traitType":"HEADGEAR","value":"h8"},{"traitType":"LANDS","value":"land1"},{"traitType":"MOUTHPIECE","value":"m2"},{"traitType":"SPEECH BUBBLE","value":"sp7"},{"traitType":"SPIKE","value":"spike7"},{"traitType":"SPOT","value":"spot5"}],"property":{"creators":[{"creator":"hjk","share":"jk"}]},"traits":{"rarity":50}},{"name":"abc #4","symbol":"hjk","seller_fee_basis_points":"kjh","description":"jh","external_link":"jh","attributes":[{"traitType":"BACKGROUND","value":"bg1"},{"traitType":"DINOSAUR BASE","value":"dn3"},{"traitType":"EYE ACCESSORY","value":"e4"},{"traitType":"HEADGEAR","value":"h6"},{"traitType":"LANDS","value":"land1"},{"traitType":"MOUTHPIECE","value":"m3"},{"traitType":"SPEECH BUBBLE","value":"sp2"},{"traitType":"SPIKE","value":"spike2"},{"traitType":"SPOT","value":"spoy3"}],"property":{"creators":[{"creator":"hjk","share":"jk"}]},"traits":{"rarity":50}},{"name":"abc #5","symbol":"hjk","seller_fee_basis_points":"kjh","description":"jh","external_link":"jh","attributes":[{"traitType":"BACKGROUND","value":"bg2"},{"traitType":"DINOSAUR BASE","value":"dn1"},{"traitType":"EYE ACCESSORY","value":"e2"},{"traitType":"HEADGEAR","value":"h13"},{"traitType":"LANDS","value":"land1"},{"traitType":"MOUTHPIECE","value":"m2"},{"traitType":"SPEECH BUBBLE","value":"sp9"},{"traitType":"SPIKE","value":"spike7"},{"traitType":"SPOT","value":"spot8"}],"property":{"creators":[{"creator":"hjk","share":"jk"}]},"traits":{"rarity":50}},{"name":"abc #6","symbol":"hjk","seller_fee_basis_points":"kjh","description":"jh","external_link":"jh","attributes":[{"traitType":"BACKGROUND","value":"bg1"},{"traitType":"DINOSAUR BASE","value":"dn6"},{"traitType":"EYE ACCESSORY","value":"e3"},{"traitType":"HEADGEAR","value":"h15"},{"traitType":"LANDS","value":"land2"},{"traitType":"MOUTHPIECE","value":"m2"},{"traitType":"SPEECH BUBBLE","value":"sp3"},{"traitType":"SPIKE","value":"spike1"},{"traitType":"SPOT","value":"spot5"}],"property":{"creators":[{"creator":"hjk","share":"jk"}]},"traits":{"rarity":50}},{"name":"abc #7","symbol":"hjk","seller_fee_basis_points":"kjh","description":"jh","external_link":"jh","attributes":[{"traitType":"BACKGROUND","value":"bg1"},{"traitType":"DINOSAUR BASE","value":"dn4"},{"traitType":"EYE ACCESSORY","value":"e4"},{"traitType":"HEADGEAR","value":"h1"},{"traitType":"LANDS","value":"land2"},{"traitType":"MOUTHPIECE","value":"m5"},{"traitType":"SPEECH BUBBLE","value":"sp1"},{"traitType":"SPIKE","value":"spike2"},{"traitType":"SPOT","value":"spot9"}],"property":{"creators":[{"creator":"hjk","share":"jk"}]},"traits":{"rarity":50}},{"name":"abc #8","symbol":"hjk","seller_fee_basis_points":"kjh","description":"jh","external_link":"jh","attributes":[{"traitType":"BACKGROUND","value":"bg2"},{"traitType":"DINOSAUR BASE","value":"dn2"},{"traitType":"EYE ACCESSORY","value":"e3"},{"traitType":"HEADGEAR","value":"h2"},{"traitType":"LANDS","value":"land1"},{"traitType":"MOUTHPIECE","value":"m4"},{"traitType":"SPEECH BUBBLE","value":"sp9"},{"traitType":"SPIKE","value":"spike3"},{"traitType":"SPOT","value":"spot5"}],"property":{"creators":[{"creator":"hjk","share":"jk"}]},"traits":{"rarity":50}},{"name":"abc #9","symbol":"hjk","seller_fee_basis_points":"kjh","description":"jh","external_link":"jh","attributes":[{"traitType":"BACKGROUND","value":"bg2"},{"traitType":"DINOSAUR BASE","value":"dn2"},{"traitType":"EYE ACCESSORY","value":"e3"},{"traitType":"HEADGEAR","value":"h2"},{"traitType":"LANDS","value":"land3"},{"traitType":"MOUTHPIECE","value":"m5"},{"traitType":"SPEECH BUBBLE","value":"sp9"},{"traitType":"SPIKE","value":"spike1"},{"traitType":"SPOT","value":"spoy3"}],"property":{"creators":[{"creator":"hjk","share":"jk"}]},"traits":{"rarity":50}},{"name":"abc #10","symbol":"hjk","seller_fee_basis_points":"kjh","description":"jh","external_link":"jh","attributes":[{"traitType":"BACKGROUND","value":"bg2"},{"traitType":"DINOSAUR BASE","value":"dn3"},{"traitType":"EYE ACCESSORY","value":"e5"},{"traitType":"HEADGEAR","value":"h17"},{"traitType":"LANDS","value":"land1"},{"traitType":"MOUTHPIECE","value":"m1"},{"traitType":"SPEECH BUBBLE","value":"sp8"},{"traitType":"SPIKE","value":"spike1"},{"traitType":"SPOT","value":"spot4"}],"property":{"creators":[{"creator":"hjk","share":"jk"}]},"traits":{"rarity":50}},{"name":"abc #11","symbol":"hjk","seller_fee_basis_points":"kjh","description":"jh","external_link":"jh","attributes":[{"traitType":"BACKGROUND","value":"bg1"},{"traitType":"DINOSAUR BASE","value":"dn7"},{"traitType":"EYE ACCESSORY","value":"e5"},{"traitType":"HEADGEAR","value":"h18"},{"traitType":"LANDS","value":"land1"},{"traitType":"MOUTHPIECE","value":"m1"},{"traitType":"SPEECH BUBBLE","value":"sp4"},{"traitType":"SPIKE","value":"spike2"},{"traitType":"SPOT","value":"spot5"}],"property":{"creators":[{"creator":"hjk","share":"jk"}]},"traits":{"rarity":50}},{"name":"abc #12","symbol":"hjk","seller_fee_basis_points":"kjh","description":"jh","external_link":"jh","attributes":[{"traitType":"BACKGROUND","value":"bg3"},{"traitType":"DINOSAUR BASE","value":"dn7"},{"traitType":"EYE ACCESSORY","value":"e1"},{"traitType":"HEADGEAR","value":"h6"},{"traitType":"LANDS","value":"land3"},{"traitType":"MOUTHPIECE","value":"m2"},{"traitType":"SPEECH BUBBLE","value":"sp8"},{"traitType":"SPIKE","value":"spike7"},{"traitType":"SPOT","value":"spoy3"}],"property":{"creators":[{"creator":"hjk","share":"jk"}]},"traits":{"rarity":50}},{"name":"abc #13","symbol":"hjk","seller_fee_basis_points":"kjh","description":"jh","external_link":"jh","attributes":[{"traitType":"BACKGROUND","value":"bg1"},{"traitType":"DINOSAUR BASE","value":"dn2"},{"traitType":"EYE ACCESSORY","value":"e1"},{"traitType":"HEADGEAR","value":"h17"},{"traitType":"LANDS","value":"land3"},{"traitType":"MOUTHPIECE","value":"m3"},{"traitType":"SPEECH BUBBLE","value":"sp7"},{"traitType":"SPIKE","value":"spike5"},{"traitType":"SPOT","value":"spoy3"}],"property":{"creators":[{"creator":"hjk","share":"jk"}]},"traits":{"rarity":50}},{"name":"abc #14","symbol":"hjk","seller_fee_basis_points":"kjh","description":"jh","external_link":"jh","attributes":[{"traitType":"BACKGROUND","value":"bg3"},{"traitType":"DINOSAUR BASE","value":"dn4"},{"traitType":"EYE ACCESSORY","value":"e1"},{"traitType":"HEADGEAR","value":"h16"},{"traitType":"LANDS","value":"land3"},{"traitType":"MOUTHPIECE","value":"m3"},{"traitType":"SPEECH BUBBLE","value":"sp9"},{"traitType":"SPIKE","value":"spike4"},{"traitType":"SPOT","value":"spot9"}],"property":{"creators":[{"creator":"hjk","share":"jk"}]},"traits":{"rarity":50}},{"name":"abc #15","symbol":"hjk","seller_fee_basis_points":"kjh","description":"jh","external_link":"jh","attributes":[{"traitType":"BACKGROUND","value":"bg2"},{"traitType":"DINOSAUR BASE","value":"dn3"},{"traitType":"EYE ACCESSORY","value":"e4"},{"traitType":"HEADGEAR","value":"h6"},{"traitType":"LANDS","value":"land2"},{"traitType":"MOUTHPIECE","value":"m4"},{"traitType":"SPEECH BUBBLE","value":"sp5"},{"traitType":"SPIKE","value":"spike6"},{"traitType":"SPOT","value":"spoy3"}],"property":{"creators":[{"creator":"hjk","share":"jk"}]},"traits":{"rarity":50}},{"name":"abc #16","symbol":"hjk","seller_fee_basis_points":"kjh","description":"jh","external_link":"jh","attributes":[{"traitType":"BACKGROUND","value":"bg2"},{"traitType":"DINOSAUR BASE","value":"dn2"},{"traitType":"EYE ACCESSORY","value":"e4"},{"traitType":"HEADGEAR","value":"h14"},{"traitType":"LANDS","value":"land2"},{"traitType":"MOUTHPIECE","value":"m1"},{"traitType":"SPEECH BUBBLE","value":"sp3"},{"traitType":"SPIKE","value":"spike1"},{"traitType":"SPOT","value":"spot5"}],"property":{"creators":[{"creator":"hjk","share":"jk"}]},"traits":{"rarity":50}},{"name":"abc #17","symbol":"hjk","seller_fee_basis_points":"kjh","description":"jh","external_link":"jh","attributes":[{"traitType":"BACKGROUND","value":"bg3"},{"traitType":"DINOSAUR BASE","value":"dn5"},{"traitType":"EYE ACCESSORY","value":"e1"},{"traitType":"HEADGEAR","value":"h10"},{"traitType":"LANDS","value":"land1"},{"traitType":"MOUTHPIECE","value":"m1"},{"traitType":"SPEECH BUBBLE","value":"sp5"},{"traitType":"SPIKE","value":"spike4"},{"traitType":"SPOT","value":"spot6"}],"property":{"creators":[{"creator":"hjk","share":"jk"}]},"traits":{"rarity":50}},{"name":"abc #18","symbol":"hjk","seller_fee_basis_points":"kjh","description":"jh","external_link":"jh","attributes":[{"traitType":"BACKGROUND","value":"bg3"},{"traitType":"DINOSAUR BASE","value":"dn6"},{"traitType":"EYE ACCESSORY","value":"e3"},{"traitType":"HEADGEAR","value":"h18"},{"traitType":"LANDS","value":"land3"},{"traitType":"MOUTHPIECE","value":"m1"},{"traitType":"SPEECH BUBBLE","value":"sp6"},{"traitType":"SPIKE","value":"spike4"},{"traitType":"SPOT","value":"spot8"}],"property":{"creators":[{"creator":"hjk","share":"jk"}]},"traits":{"rarity":50}},{"name":"abc #19","symbol":"hjk","seller_fee_basis_points":"kjh","description":"jh","external_link":"jh","attributes":[{"traitType":"BACKGROUND","value":"bg3"},{"traitType":"DINOSAUR BASE","value":"dn6"},{"traitType":"EYE ACCESSORY","value":"e1"},{"traitType":"HEADGEAR","value":"h18"},{"traitType":"LANDS","value":"land3"},{"traitType":"MOUTHPIECE","value":"m3"},{"traitType":"SPEECH BUBBLE","value":"sp6"},{"traitType":"SPIKE","value":"spike4"},{"traitType":"SPOT","value":"spoy3"}],"property":{"creators":[{"creator":"hjk","share":"jk"}]},"traits":{"rarity":50}},{"name":"abc #20","symbol":"hjk","seller_fee_basis_points":"kjh","description":"jh","external_link":"jh","attributes":[{"traitType":"BACKGROUND","value":"bg3"},{"traitType":"DINOSAUR BASE","value":"dn1"},{"traitType":"EYE ACCESSORY","value":"e1"},{"traitType":"HEADGEAR","value":"h15"},{"traitType":"LANDS","value":"land2"},{"traitType":"MOUTHPIECE","value":"m1"},{"traitType":"SPEECH BUBBLE","value":"sp1"},{"traitType":"SPIKE","value":"spike2"},{"traitType":"SPOT","value":"spot6"}],"property":{"creators":[{"creator":"hjk","share":"jk"}]},"traits":{"rarity":50}},{"name":"abc #21","symbol":"hjk","seller_fee_basis_points":"kjh","description":"jh","external_link":"jh","attributes":[{"traitType":"BACKGROUND","value":"bg1"},{"traitType":"DINOSAUR BASE","value":"dn7"},{"traitType":"EYE ACCESSORY","value":"e4"},{"traitType":"HEADGEAR","value":"h8"},{"traitType":"LANDS","value":"land1"},{"traitType":"MOUTHPIECE","value":"m2"},{"traitType":"SPEECH BUBBLE","value":"sp5"},{"traitType":"SPIKE","value":"spike2"},{"traitType":"SPOT","value":"spot7"}],"property":{"creators":[{"creator":"hjk","share":"jk"}]},"traits":{"rarity":50}},{"name":"abc #22","symbol":"hjk","seller_fee_basis_points":"kjh","description":"jh","external_link":"jh","attributes":[{"traitType":"BACKGROUND","value":"bg3"},{"traitType":"DINOSAUR BASE","value":"dn2"},{"traitType":"EYE ACCESSORY","value":"e4"},{"traitType":"HEADGEAR","value":"h3"},{"traitType":"LANDS","value":"land2"},{"traitType":"MOUTHPIECE","value":"m3"},{"traitType":"SPEECH BUBBLE","value":"sp5"},{"traitType":"SPIKE","value":"spike6"},{"traitType":"SPOT","value":"spot9"}],"property":{"creators":[{"creator":"hjk","share":"jk"}]},"traits":{"rarity":50}},{"name":"abc #23","symbol":"hjk","seller_fee_basis_points":"kjh","description":"jh","external_link":"jh","attributes":[{"traitType":"BACKGROUND","value":"bg3"},{"traitType":"DINOSAUR BASE","value":"dn1"},{"traitType":"EYE ACCESSORY","value":"e3"},{"traitType":"HEADGEAR","value":"h13"},{"traitType":"LANDS","value":"land3"},{"traitType":"MOUTHPIECE","value":"m4"},{"traitType":"SPEECH BUBBLE","value":"sp6"},{"traitType":"SPIKE","value":"spike3"},{"traitType":"SPOT","value":"spot9"}],"property":{"creators":[{"creator":"hjk","share":"jk"}]},"traits":{"rarity":50}},{"name":"abc #24","symbol":"hjk","seller_fee_basis_points":"kjh","description":"jh","external_link":"jh","attributes":[{"traitType":"BACKGROUND","value":"bg2"},{"traitType":"DINOSAUR BASE","value":"dn4"},{"traitType":"EYE ACCESSORY","value":"e4"},{"traitType":"HEADGEAR","value":"h17"},{"traitType":"LANDS","value":"land1"},{"traitType":"MOUTHPIECE","value":"m5"},{"traitType":"SPEECH BUBBLE","value":"sp5"},{"traitType":"SPIKE","value":"spike2"},{"traitType":"SPOT","value":"spot7"}],"property":{"creators":[{"creator":"hjk","share":"jk"}]},"traits":{"rarity":50}},{"name":"abc #25","symbol":"hjk","seller_fee_basis_points":"kjh","description":"jh","external_link":"jh","attributes":[{"traitType":"BACKGROUND","value":"bg3"},{"traitType":"DINOSAUR BASE","value":"dn1"},{"traitType":"EYE ACCESSORY","value":"e3"},{"traitType":"HEADGEAR","value":"h2"},{"traitType":"LANDS","value":"land3"},{"traitType":"MOUTHPIECE","value":"m5"},{"traitType":"SPEECH BUBBLE","value":"sp2"},{"traitType":"SPIKE","value":"spike4"},{"traitType":"SPOT","value":"spot4"}],"property":{"creators":[{"creator":"hjk","share":"jk"}]},"traits":{"rarity":50}},{"name":"abc #26","symbol":"hjk","seller_fee_basis_points":"kjh","description":"jh","external_link":"jh","attributes":[{"traitType":"BACKGROUND","value":"bg3"},{"traitType":"DINOSAUR BASE","value":"dn3"},{"traitType":"EYE ACCESSORY","value":"e2"},{"traitType":"HEADGEAR","value":"h15"},{"traitType":"LANDS","value":"land1"},{"traitType":"MOUTHPIECE","value":"m4"},{"traitType":"SPEECH BUBBLE","value":"sp1"},{"traitType":"SPIKE","value":"spike6"},{"traitType":"SPOT","value":"spot2"}],"property":{"creators":[{"creator":"hjk","share":"jk"}]},"traits":{"rarity":50}},{"name":"abc #27","symbol":"hjk","seller_fee_basis_points":"kjh","description":"jh","external_link":"jh","attributes":[{"traitType":"BACKGROUND","value":"bg3"},{"traitType":"DINOSAUR BASE","value":"dn7"},{"traitType":"EYE ACCESSORY","value":"e4"},{"traitType":"HEADGEAR","value":"h8"},{"traitType":"LANDS","value":"land3"},{"traitType":"MOUTHPIECE","value":"m2"},{"traitType":"SPEECH BUBBLE","value":"sp6"},{"traitType":"SPIKE","value":"spike4"},{"traitType":"SPOT","value":"spot8"}],"property":{"creators":[{"creator":"hjk","share":"jk"}]},"traits":{"rarity":50}},{"name":"abc #28","symbol":"hjk","seller_fee_basis_points":"kjh","description":"jh","external_link":"jh","attributes":[{"traitType":"BACKGROUND","value":"bg1"},{"traitType":"DINOSAUR BASE","value":"dn5"},{"traitType":"EYE ACCESSORY","value":"e5"},{"traitType":"HEADGEAR","value":"h2"},{"traitType":"LANDS","value":"land3"},{"traitType":"MOUTHPIECE","value":"m5"},{"traitType":"SPEECH BUBBLE","value":"sp4"},{"traitType":"SPIKE","value":"spike4"},{"traitType":"SPOT","value":"spot6"}],"property":{"creators":[{"creator":"hjk","share":"jk"}]},"traits":{"rarity":50}},{"name":"abc #29","symbol":"hjk","seller_fee_basis_points":"kjh","description":"jh","external_link":"jh","attributes":[{"traitType":"BACKGROUND","value":"bg2"},{"traitType":"DINOSAUR BASE","value":"dn4"},{"traitType":"EYE ACCESSORY","value":"e3"},{"traitType":"HEADGEAR","value":"h3"},{"traitType":"LANDS","value":"land1"},{"traitType":"MOUTHPIECE","value":"m3"},{"traitType":"SPEECH BUBBLE","value":"sp7"},{"traitType":"SPIKE","value":"spike1"},{"traitType":"SPOT","value":"spot4"}],"property":{"creators":[{"creator":"hjk","share":"jk"}]},"traits":{"rarity":50}},{"name":"abc #30","symbol":"hjk","seller_fee_basis_points":"kjh","description":"jh","external_link":"jh","attributes":[{"traitType":"BACKGROUND","value":"bg3"},{"traitType":"DINOSAUR BASE","value":"dn1"},{"traitType":"EYE ACCESSORY","value":"e2"},{"traitType":"HEADGEAR","value":"h3"},{"traitType":"LANDS","value":"land1"},{"traitType":"MOUTHPIECE","value":"m2"},{"traitType":"SPEECH BUBBLE","value":"sp3"},{"traitType":"SPIKE","value":"spike6"},{"traitType":"SPOT","value":"spot2"}],"property":{"creators":[{"creator":"hjk","share":"jk"}]},"traits":{"rarity":50}},{"name":"abc #31","symbol":"hjk","seller_fee_basis_points":"kjh","description":"jh","external_link":"jh","attributes":[{"traitType":"BACKGROUND","value":"bg1"},{"traitType":"DINOSAUR BASE","value":"dn2"},{"traitType":"EYE ACCESSORY","value":"e1"},{"traitType":"HEADGEAR","value":"h11"},{"traitType":"LANDS","value":"land2"},{"traitType":"MOUTHPIECE","value":"m4"},{"traitType":"SPEECH BUBBLE","value":"sp2"},{"traitType":"SPIKE","value":"spike5"},{"traitType":"SPOT","value":"spot1"}],"property":{"creators":[{"creator":"hjk","share":"jk"}]},"traits":{"rarity":50}},{"name":"abc #32","symbol":"hjk","seller_fee_basis_points":"kjh","description":"jh","external_link":"jh","attributes":[{"traitType":"BACKGROUND","value":"bg1"},{"traitType":"DINOSAUR BASE","value":"dn5"},{"traitType":"EYE ACCESSORY","value":"e5"},{"traitType":"HEADGEAR","value":"h14"},{"traitType":"LANDS","value":"land3"},{"traitType":"MOUTHPIECE","value":"m2"},{"traitType":"SPEECH BUBBLE","value":"sp5"},{"traitType":"SPIKE","value":"spike5"},{"traitType":"SPOT","value":"spot5"}],"property":{"creators":[{"creator":"hjk","share":"jk"}]},"traits":{"rarity":50}},{"name":"abc #33","symbol":"hjk","seller_fee_basis_points":"kjh","description":"jh","external_link":"jh","attributes":[{"traitType":"BACKGROUND","value":"bg2"},{"traitType":"DINOSAUR BASE","value":"dn6"},{"traitType":"EYE ACCESSORY","value":"e4"},{"traitType":"HEADGEAR","value":"h12"},{"traitType":"LANDS","value":"land3"},{"traitType":"MOUTHPIECE","value":"m2"},{"traitType":"SPEECH BUBBLE","value":"sp8"},{"traitType":"SPIKE","value":"spike1"},{"traitType":"SPOT","value":"spoy3"}],"property":{"creators":[{"creator":"hjk","share":"jk"}]},"traits":{"rarity":50}},{"name":"abc #34","symbol":"hjk","seller_fee_basis_points":"kjh","description":"jh","external_link":"jh","attributes":[{"traitType":"BACKGROUND","value":"bg2"},{"traitType":"DINOSAUR BASE","value":"dn3"},{"traitType":"EYE ACCESSORY","value":"e1"},{"traitType":"HEADGEAR","value":"h14"},{"traitType":"LANDS","value":"land1"},{"traitType":"MOUTHPIECE","value":"m5"},{"traitType":"SPEECH BUBBLE","value":"sp1"},{"traitType":"SPIKE","value":"spike7"},{"traitType":"SPOT","value":"spot2"}],"property":{"creators":[{"creator":"hjk","share":"jk"}]},"traits":{"rarity":50}},{"name":"abc #35","symbol":"hjk","seller_fee_basis_points":"kjh","description":"jh","external_link":"jh","attributes":[{"traitType":"BACKGROUND","value":"bg2"},{"traitType":"DINOSAUR BASE","value":"dn5"},{"traitType":"EYE ACCESSORY","value":"e2"},{"traitType":"HEADGEAR","value":"h13"},{"traitType":"LANDS","value":"land2"},{"traitType":"MOUTHPIECE","value":"m1"},{"traitType":"SPEECH BUBBLE","value":"sp7"},{"traitType":"SPIKE","value":"spike1"},{"traitType":"SPOT","value":"spot4"}],"property":{"creators":[{"creator":"hjk","share":"jk"}]},"traits":{"rarity":50}},{"name":"abc #36","symbol":"hjk","seller_fee_basis_points":"kjh","description":"jh","external_link":"jh","attributes":[{"traitType":"BACKGROUND","value":"bg3"},{"traitType":"DINOSAUR BASE","value":"dn1"},{"traitType":"EYE ACCESSORY","value":"e2"},{"traitType":"HEADGEAR","value":"h9"},{"traitType":"LANDS","value":"land3"},{"traitType":"MOUTHPIECE","value":"m4"},{"traitType":"SPEECH BUBBLE","value":"sp4"},{"traitType":"SPIKE","value":"spike5"},{"traitType":"SPOT","value":"spot4"}],"property":{"creators":[{"creator":"hjk","share":"jk"}]},"traits":{"rarity":50}},{"name":"abc #37","symbol":"hjk","seller_fee_basis_points":"kjh","description":"jh","external_link":"jh","attributes":[{"traitType":"BACKGROUND","value":"bg3"},{"traitType":"DINOSAUR BASE","value":"dn6"},{"traitType":"EYE ACCESSORY","value":"e1"},{"traitType":"HEADGEAR","value":"h10"},{"traitType":"LANDS","value":"land1"},{"traitType":"MOUTHPIECE","value":"m3"},{"traitType":"SPEECH BUBBLE","value":"sp3"},{"traitType":"SPIKE","value":"spike1"},{"traitType":"SPOT","value":"spoy3"}],"property":{"creators":[{"creator":"hjk","share":"jk"}]},"traits":{"rarity":50}},{"name":"abc #38","symbol":"hjk","seller_fee_basis_points":"kjh","description":"jh","external_link":"jh","attributes":[{"traitType":"BACKGROUND","value":"bg2"},{"traitType":"DINOSAUR BASE","value":"dn6"},{"traitType":"EYE ACCESSORY","value":"e5"},{"traitType":"HEADGEAR","value":"h11"},{"traitType":"LANDS","value":"land3"},{"traitType":"MOUTHPIECE","value":"m4"},{"traitType":"SPEECH BUBBLE","value":"sp6"},{"traitType":"SPIKE","value":"spike4"},{"traitType":"SPOT","value":"spot5"}],"property":{"creators":[{"creator":"hjk","share":"jk"}]},"traits":{"rarity":50}},{"name":"abc #39","symbol":"hjk","seller_fee_basis_points":"kjh","description":"jh","external_link":"jh","attributes":[{"traitType":"BACKGROUND","value":"bg1"},{"traitType":"DINOSAUR BASE","value":"dn2"},{"traitType":"EYE ACCESSORY","value":"e1"},{"traitType":"HEADGEAR","value":"h16"},{"traitType":"LANDS","value":"land1"},{"traitType":"MOUTHPIECE","value":"m4"},{"traitType":"SPEECH BUBBLE","value":"sp9"},{"traitType":"SPIKE","value":"spike1"},{"traitType":"SPOT","value":"spot5"}],"property":{"creators":[{"creator":"hjk","share":"jk"}]},"traits":{"rarity":50}},{"name":"abc #40","symbol":"hjk","seller_fee_basis_points":"kjh","description":"jh","external_link":"jh","attributes":[{"traitType":"BACKGROUND","value":"bg3"},{"traitType":"DINOSAUR BASE","value":"dn2"},{"traitType":"EYE ACCESSORY","value":"e2"},{"traitType":"HEADGEAR","value":"h8"},{"traitType":"LANDS","value":"land1"},{"traitType":"MOUTHPIECE","value":"m2"},{"traitType":"SPEECH BUBBLE","value":"sp7"},{"traitType":"SPIKE","value":"spike6"},{"traitType":"SPOT","value":"spot7"}],"property":{"creators":[{"creator":"hjk","share":"jk"}]},"traits":{"rarity":50}},{"name":"abc #41","symbol":"hjk","seller_fee_basis_points":"kjh","description":"jh","external_link":"jh","attributes":[{"traitType":"BACKGROUND","value":"bg2"},{"traitType":"DINOSAUR BASE","value":"dn5"},{"traitType":"EYE ACCESSORY","value":"e5"},{"traitType":"HEADGEAR","value":"h2"},{"traitType":"LANDS","value":"land3"},{"traitType":"MOUTHPIECE","value":"m1"},{"traitType":"SPEECH BUBBLE","value":"sp2"},{"traitType":"SPIKE","value":"spike2"},{"traitType":"SPOT","value":"spot5"}],"property":{"creators":[{"creator":"hjk","share":"jk"}]},"traits":{"rarity":50}},{"name":"abc #42","symbol":"hjk","seller_fee_basis_points":"kjh","description":"jh","external_link":"jh","attributes":[{"traitType":"BACKGROUND","value":"bg2"},{"traitType":"DINOSAUR BASE","value":"dn5"},{"traitType":"EYE ACCESSORY","value":"e3"},{"traitType":"HEADGEAR","value":"h10"},{"traitType":"LANDS","value":"land3"},{"traitType":"MOUTHPIECE","value":"m4"},{"traitType":"SPEECH BUBBLE","value":"sp8"},{"traitType":"SPIKE","value":"spike7"},{"traitType":"SPOT","value":"spoy3"}],"property":{"creators":[{"creator":"hjk","share":"jk"}]},"traits":{"rarity":50}},{"name":"abc #43","symbol":"hjk","seller_fee_basis_points":"kjh","description":"jh","external_link":"jh","attributes":[{"traitType":"BACKGROUND","value":"bg3"},{"traitType":"DINOSAUR BASE","value":"dn4"},{"traitType":"EYE ACCESSORY","value":"e5"},{"traitType":"HEADGEAR","value":"h13"},{"traitType":"LANDS","value":"land2"},{"traitType":"MOUTHPIECE","value":"m1"},{"traitType":"SPEECH BUBBLE","value":"sp4"},{"traitType":"SPIKE","value":"spike2"},{"traitType":"SPOT","value":"spoy3"}],"property":{"creators":[{"creator":"hjk","share":"jk"}]},"traits":{"rarity":50}},{"name":"abc #44","symbol":"hjk","seller_fee_basis_points":"kjh","description":"jh","external_link":"jh","attributes":[{"traitType":"BACKGROUND","value":"bg2"},{"traitType":"DINOSAUR BASE","value":"dn4"},{"traitType":"EYE ACCESSORY","value":"e4"},{"traitType":"HEADGEAR","value":"h11"},{"traitType":"LANDS","value":"land1"},{"traitType":"MOUTHPIECE","value":"m5"},{"traitType":"SPEECH BUBBLE","value":"sp8"},{"traitType":"SPIKE","value":"spike7"},{"traitType":"SPOT","value":"spot5"}],"property":{"creators":[{"creator":"hjk","share":"jk"}]},"traits":{"rarity":50}},{"name":"abc #45","symbol":"hjk","seller_fee_basis_points":"kjh","description":"jh","external_link":"jh","attributes":[{"traitType":"BACKGROUND","value":"bg3"},{"traitType":"DINOSAUR BASE","value":"dn3"},{"traitType":"EYE ACCESSORY","value":"e5"},{"traitType":"HEADGEAR","value":"h13"},{"traitType":"LANDS","value":"land2"},{"traitType":"MOUTHPIECE","value":"m5"},{"traitType":"SPEECH BUBBLE","value":"sp4"},{"traitType":"SPIKE","value":"spike5"},{"traitType":"SPOT","value":"spot7"}],"property":{"creators":[{"creator":"hjk","share":"jk"}]},"traits":{"rarity":50}},{"name":"abc #46","symbol":"hjk","seller_fee_basis_points":"kjh","description":"jh","external_link":"jh","attributes":[{"traitType":"BACKGROUND","value":"bg3"},{"traitType":"DINOSAUR BASE","value":"dn2"},{"traitType":"EYE ACCESSORY","value":"e5"},{"traitType":"HEADGEAR","value":"h9"},{"traitType":"LANDS","value":"land2"},{"traitType":"MOUTHPIECE","value":"m1"},{"traitType":"SPEECH BUBBLE","value":"sp2"},{"traitType":"SPIKE","value":"spike7"},{"traitType":"SPOT","value":"spot9"}],"property":{"creators":[{"creator":"hjk","share":"jk"}]},"traits":{"rarity":50}},{"name":"abc #47","symbol":"hjk","seller_fee_basis_points":"kjh","description":"jh","external_link":"jh","attributes":[{"traitType":"BACKGROUND","value":"bg2"},{"traitType":"DINOSAUR BASE","value":"dn6"},{"traitType":"EYE ACCESSORY","value":"e5"},{"traitType":"HEADGEAR","value":"h18"},{"traitType":"LANDS","value":"land3"},{"traitType":"MOUTHPIECE","value":"m1"},{"traitType":"SPEECH BUBBLE","value":"sp9"},{"traitType":"SPIKE","value":"spike1"},{"traitType":"SPOT","value":"spot2"}],"property":{"creators":[{"creator":"hjk","share":"jk"}]},"traits":{"rarity":50}},{"name":"abc #48","symbol":"hjk","seller_fee_basis_points":"kjh","description":"jh","external_link":"jh","attributes":[{"traitType":"BACKGROUND","value":"bg2"},{"traitType":"DINOSAUR BASE","value":"dn3"},{"traitType":"EYE ACCESSORY","value":"e5"},{"traitType":"HEADGEAR","value":"h6"},{"traitType":"LANDS","value":"land3"},{"traitType":"MOUTHPIECE","value":"m5"},{"traitType":"SPEECH BUBBLE","value":"sp5"},{"traitType":"SPIKE","value":"spike6"},{"traitType":"SPOT","value":"spot6"}],"property":{"creators":[{"creator":"hjk","share":"jk"}]},"traits":{"rarity":50}},{"name":"abc #49","symbol":"hjk","seller_fee_basis_points":"kjh","description":"jh","external_link":"jh","attributes":[{"traitType":"BACKGROUND","value":"bg1"},{"traitType":"DINOSAUR BASE","value":"dn4"},{"traitType":"EYE ACCESSORY","value":"e3"},{"traitType":"HEADGEAR","value":"h17"},{"traitType":"LANDS","value":"land1"},{"traitType":"MOUTHPIECE","value":"m3"},{"traitType":"SPEECH BUBBLE","value":"sp1"},{"traitType":"SPIKE","value":"spike7"},{"traitType":"SPOT","value":"spot4"}],"property":{"creators":[{"creator":"hjk","share":"jk"}]},"traits":{"rarity":50}},{"name":"abc #50","symbol":"hjk","seller_fee_basis_points":"kjh","description":"jh","external_link":"jh","attributes":[{"traitType":"BACKGROUND","value":"bg3"},{"traitType":"DINOSAUR BASE","value":"dn6"},{"traitType":"EYE ACCESSORY","value":"e4"},{"traitType":"HEADGEAR","value":"h10"},{"traitType":"LANDS","value":"land2"},{"traitType":"MOUTHPIECE","value":"m3"},{"traitType":"SPEECH BUBBLE","value":"sp8"},{"traitType":"SPIKE","value":"spike1"},{"traitType":"SPOT","value":"spot2"}],"property":{"creators":[{"creator":"hjk","share":"jk"}]},"traits":{"rarity":50}},{"name":"abc #51","symbol":"hjk","seller_fee_basis_points":"kjh","description":"jh","external_link":"jh","attributes":[{"traitType":"BACKGROUND","value":"bg2"},{"traitType":"DINOSAUR BASE","value":"dn4"},{"traitType":"EYE ACCESSORY","value":"e2"},{"traitType":"HEADGEAR","value":"h6"},{"traitType":"LANDS","value":"land3"},{"traitType":"MOUTHPIECE","value":"m4"},{"traitType":"SPEECH BUBBLE","value":"sp6"},{"traitType":"SPIKE","value":"spike5"},{"traitType":"SPOT","value":"spot9"}],"property":{"creators":[{"creator":"hjk","share":"jk"}]},"traits":{"rarity":50}},{"name":"abc #52","symbol":"hjk","seller_fee_basis_points":"kjh","description":"jh","external_link":"jh","attributes":[{"traitType":"BACKGROUND","value":"bg1"},{"traitType":"DINOSAUR BASE","value":"dn5"},{"traitType":"EYE ACCESSORY","value":"e5"},{"traitType":"HEADGEAR","value":"h8"},{"traitType":"LANDS","value":"land1"},{"traitType":"MOUTHPIECE","value":"m5"},{"traitType":"SPEECH BUBBLE","value":"sp4"},{"traitType":"SPIKE","value":"spike5"},{"traitType":"SPOT","value":"spot9"}],"property":{"creators":[{"creator":"hjk","share":"jk"}]},"traits":{"rarity":50}},{"name":"abc #53","symbol":"hjk","seller_fee_basis_points":"kjh","description":"jh","external_link":"jh","attributes":[{"traitType":"BACKGROUND","value":"bg3"},{"traitType":"DINOSAUR BASE","value":"dn7"},{"traitType":"EYE ACCESSORY","value":"e4"},{"traitType":"HEADGEAR","value":"h8"},{"traitType":"LANDS","value":"land2"},{"traitType":"MOUTHPIECE","value":"m2"},{"traitType":"SPEECH BUBBLE","value":"sp7"},{"traitType":"SPIKE","value":"spike3"},{"traitType":"SPOT","value":"spot6"}],"property":{"creators":[{"creator":"hjk","share":"jk"}]},"traits":{"rarity":50}},{"name":"abc #54","symbol":"hjk","seller_fee_basis_points":"kjh","description":"jh","external_link":"jh","attributes":[{"traitType":"BACKGROUND","value":"bg3"},{"traitType":"DINOSAUR BASE","value":"dn7"},{"traitType":"EYE ACCESSORY","value":"e2"},{"traitType":"HEADGEAR","value":"h10"},{"traitType":"LANDS","value":"land1"},{"traitType":"MOUTHPIECE","value":"m1"},{"traitType":"SPEECH BUBBLE","value":"sp7"},{"traitType":"SPIKE","value":"spike6"},{"traitType":"SPOT","value":"spot9"}],"property":{"creators":[{"creator":"hjk","share":"jk"}]},"traits":{"rarity":50}},{"name":"abc #55","symbol":"hjk","seller_fee_basis_points":"kjh","description":"jh","external_link":"jh","attributes":[{"traitType":"BACKGROUND","value":"bg1"},{"traitType":"DINOSAUR BASE","value":"dn3"},{"traitType":"EYE ACCESSORY","value":"e1"},{"traitType":"HEADGEAR","value":"h11"},{"traitType":"LANDS","value":"land3"},{"traitType":"MOUTHPIECE","value":"m1"},{"traitType":"SPEECH BUBBLE","value":"sp8"},{"traitType":"SPIKE","value":"spike3"},{"traitType":"SPOT","value":"spot2"}],"property":{"creators":[{"creator":"hjk","share":"jk"}]},"traits":{"rarity":50}},{"name":"abc #56","symbol":"hjk","seller_fee_basis_points":"kjh","description":"jh","external_link":"jh","attributes":[{"traitType":"BACKGROUND","value":"bg1"},{"traitType":"DINOSAUR BASE","value":"dn1"},{"traitType":"EYE ACCESSORY","value":"e5"},{"traitType":"HEADGEAR","value":"h2"},{"traitType":"LANDS","value":"land1"},{"traitType":"MOUTHPIECE","value":"m3"},{"traitType":"SPEECH BUBBLE","value":"sp6"},{"traitType":"SPIKE","value":"spike2"},{"traitType":"SPOT","value":"spot9"}],"property":{"creators":[{"creator":"hjk","share":"jk"}]},"traits":{"rarity":50}},{"name":"abc #57","symbol":"hjk","seller_fee_basis_points":"kjh","description":"jh","external_link":"jh","attributes":[{"traitType":"BACKGROUND","value":"bg2"},{"traitType":"DINOSAUR BASE","value":"dn7"},{"traitType":"EYE ACCESSORY","value":"e4"},{"traitType":"HEADGEAR","value":"h2"},{"traitType":"LANDS","value":"land2"},{"traitType":"MOUTHPIECE","value":"m3"},{"traitType":"SPEECH BUBBLE","value":"sp2"},{"traitType":"SPIKE","value":"spike5"},{"traitType":"SPOT","value":"spot5"}],"property":{"creators":[{"creator":"hjk","share":"jk"}]},"traits":{"rarity":50}},{"name":"abc #58","symbol":"hjk","seller_fee_basis_points":"kjh","description":"jh","external_link":"jh","attributes":[{"traitType":"BACKGROUND","value":"bg1"},{"traitType":"DINOSAUR BASE","value":"dn7"},{"traitType":"EYE ACCESSORY","value":"e4"},{"traitType":"HEADGEAR","value":"h16"},{"traitType":"LANDS","value":"land1"},{"traitType":"MOUTHPIECE","value":"m4"},{"traitType":"SPEECH BUBBLE","value":"sp4"},{"traitType":"SPIKE","value":"spike4"},{"traitType":"SPOT","value":"spot7"}],"property":{"creators":[{"creator":"hjk","share":"jk"}]},"traits":{"rarity":50}},{"name":"abc #59","symbol":"hjk","seller_fee_basis_points":"kjh","description":"jh","external_link":"jh","attributes":[{"traitType":"BACKGROUND","value":"bg2"},{"traitType":"DINOSAUR BASE","value":"dn7"},{"traitType":"EYE ACCESSORY","value":"e3"},{"traitType":"HEADGEAR","value":"h16"},{"traitType":"LANDS","value":"land3"},{"traitType":"MOUTHPIECE","value":"m3"},{"traitType":"SPEECH BUBBLE","value":"sp9"},{"traitType":"SPIKE","value":"spike6"},{"traitType":"SPOT","value":"spot2"}],"property":{"creators":[{"creator":"hjk","share":"jk"}]},"traits":{"rarity":50}},{"name":"abc #60","symbol":"hjk","seller_fee_basis_points":"kjh","description":"jh","external_link":"jh","attributes":[{"traitType":"BACKGROUND","value":"bg3"},{"traitType":"DINOSAUR BASE","value":"dn3"},{"traitType":"EYE ACCESSORY","value":"e1"},{"traitType":"HEADGEAR","value":"h8"},{"traitType":"LANDS","value":"land3"},{"traitType":"MOUTHPIECE","value":"m1"},{"traitType":"SPEECH BUBBLE","value":"sp8"},{"traitType":"SPIKE","value":"spike7"},{"traitType":"SPOT","value":"spot8"}],"property":{"creators":[{"creator":"hjk","share":"jk"}]},"traits":{"rarity":50}},{"name":"abc #61","symbol":"hjk","seller_fee_basis_points":"kjh","description":"jh","external_link":"jh","attributes":[{"traitType":"BACKGROUND","value":"bg3"},{"traitType":"DINOSAUR BASE","value":"dn1"},{"traitType":"EYE ACCESSORY","value":"e4"},{"traitType":"HEADGEAR","value":"h17"},{"traitType":"LANDS","value":"land1"},{"traitType":"MOUTHPIECE","value":"m2"},{"traitType":"SPEECH BUBBLE","value":"sp1"},{"traitType":"SPIKE","value":"spike4"},{"traitType":"SPOT","value":"spot6"}],"property":{"creators":[{"creator":"hjk","share":"jk"}]},"traits":{"rarity":50}},{"name":"abc #62","symbol":"hjk","seller_fee_basis_points":"kjh","description":"jh","external_link":"jh","attributes":[{"traitType":"BACKGROUND","value":"bg1"},{"traitType":"DINOSAUR BASE","value":"dn3"},{"traitType":"EYE ACCESSORY","value":"e5"},{"traitType":"HEADGEAR","value":"h9"},{"traitType":"LANDS","value":"land3"},{"traitType":"MOUTHPIECE","value":"m4"},{"traitType":"SPEECH BUBBLE","value":"sp6"},{"traitType":"SPIKE","value":"spike6"},{"traitType":"SPOT","value":"spot7"}],"property":{"creators":[{"creator":"hjk","share":"jk"}]},"traits":{"rarity":50}},{"name":"abc #63","symbol":"hjk","seller_fee_basis_points":"kjh","description":"jh","external_link":"jh","attributes":[{"traitType":"BACKGROUND","value":"bg1"},{"traitType":"DINOSAUR BASE","value":"dn1"},{"traitType":"EYE ACCESSORY","value":"e2"},{"traitType":"HEADGEAR","value":"h14"},{"traitType":"LANDS","value":"land3"},{"traitType":"MOUTHPIECE","value":"m1"},{"traitType":"SPEECH BUBBLE","value":"sp5"},{"traitType":"SPIKE","value":"spike5"},{"traitType":"SPOT","value":"spot4"}],"property":{"creators":[{"creator":"hjk","share":"jk"}]},"traits":{"rarity":50}},{"name":"abc #64","symbol":"hjk","seller_fee_basis_points":"kjh","description":"jh","external_link":"jh","attributes":[{"traitType":"BACKGROUND","value":"bg1"},{"traitType":"DINOSAUR BASE","value":"dn2"},{"traitType":"EYE ACCESSORY","value":"e4"},{"traitType":"HEADGEAR","value":"h11"},{"traitType":"LANDS","value":"land3"},{"traitType":"MOUTHPIECE","value":"m4"},{"traitType":"SPEECH BUBBLE","value":"sp9"},{"traitType":"SPIKE","value":"spike4"},{"traitType":"SPOT","value":"spot9"}],"property":{"creators":[{"creator":"hjk","share":"jk"}]},"traits":{"rarity":50}},{"name":"abc #65","symbol":"hjk","seller_fee_basis_points":"kjh","description":"jh","external_link":"jh","attributes":[{"traitType":"BACKGROUND","value":"bg2"},{"traitType":"DINOSAUR BASE","value":"dn3"},{"traitType":"EYE ACCESSORY","value":"e2"},{"traitType":"HEADGEAR","value":"h16"},{"traitType":"LANDS","value":"land1"},{"traitType":"MOUTHPIECE","value":"m1"},{"traitType":"SPEECH BUBBLE","value":"sp5"},{"traitType":"SPIKE","value":"spike4"},{"traitType":"SPOT","value":"spot7"}],"property":{"creators":[{"creator":"hjk","share":"jk"}]},"traits":{"rarity":50}},{"name":"abc #66","symbol":"hjk","seller_fee_basis_points":"kjh","description":"jh","external_link":"jh","attributes":[{"traitType":"BACKGROUND","value":"bg3"},{"traitType":"DINOSAUR BASE","value":"dn4"},{"traitType":"EYE ACCESSORY","value":"e3"},{"traitType":"HEADGEAR","value":"h2"},{"traitType":"LANDS","value":"land3"},{"traitType":"MOUTHPIECE","value":"m5"},{"traitType":"SPEECH BUBBLE","value":"sp1"},{"traitType":"SPIKE","value":"spike5"},{"traitType":"SPOT","value":"spot5"}],"property":{"creators":[{"creator":"hjk","share":"jk"}]},"traits":{"rarity":50}},{"name":"abc #67","symbol":"hjk","seller_fee_basis_points":"kjh","description":"jh","external_link":"jh","attributes":[{"traitType":"BACKGROUND","value":"bg2"},{"traitType":"DINOSAUR BASE","value":"dn3"},{"traitType":"EYE ACCESSORY","value":"e2"},{"traitType":"HEADGEAR","value":"h8"},{"traitType":"LANDS","value":"land3"},{"traitType":"MOUTHPIECE","value":"m5"},{"traitType":"SPEECH BUBBLE","value":"sp5"},{"traitType":"SPIKE","value":"spike2"},{"traitType":"SPOT","value":"spot8"}],"property":{"creators":[{"creator":"hjk","share":"jk"}]},"traits":{"rarity":50}},{"name":"abc #68","symbol":"hjk","seller_fee_basis_points":"kjh","description":"jh","external_link":"jh","attributes":[{"traitType":"BACKGROUND","value":"bg1"},{"traitType":"DINOSAUR BASE","value":"dn2"},{"traitType":"EYE ACCESSORY","value":"e2"},{"traitType":"HEADGEAR","value":"h12"},{"traitType":"LANDS","value":"land1"},{"traitType":"MOUTHPIECE","value":"m4"},{"traitType":"SPEECH BUBBLE","value":"sp2"},{"traitType":"SPIKE","value":"spike7"},{"traitType":"SPOT","value":"spot5"}],"property":{"creators":[{"creator":"hjk","share":"jk"}]},"traits":{"rarity":50}},{"name":"abc #69","symbol":"hjk","seller_fee_basis_points":"kjh","description":"jh","external_link":"jh","attributes":[{"traitType":"BACKGROUND","value":"bg3"},{"traitType":"DINOSAUR BASE","value":"dn2"},{"traitType":"EYE ACCESSORY","value":"e3"},{"traitType":"HEADGEAR","value":"h18"},{"traitType":"LANDS","value":"land1"},{"traitType":"MOUTHPIECE","value":"m4"},{"traitType":"SPEECH BUBBLE","value":"sp6"},{"traitType":"SPIKE","value":"spike1"},{"traitType":"SPOT","value":"spot9"}],"property":{"creators":[{"creator":"hjk","share":"jk"}]},"traits":{"rarity":50}},{"name":"abc #70","symbol":"hjk","seller_fee_basis_points":"kjh","description":"jh","external_link":"jh","attributes":[{"traitType":"BACKGROUND","value":"bg1"},{"traitType":"DINOSAUR BASE","value":"dn1"},{"traitType":"EYE ACCESSORY","value":"e3"},{"traitType":"HEADGEAR","value":"h14"},{"traitType":"LANDS","value":"land2"},{"traitType":"MOUTHPIECE","value":"m3"},{"traitType":"SPEECH BUBBLE","value":"sp8"},{"traitType":"SPIKE","value":"spike5"},{"traitType":"SPOT","value":"spot1"}],"property":{"creators":[{"creator":"hjk","share":"jk"}]},"traits":{"rarity":50}},{"name":"abc #71","symbol":"hjk","seller_fee_basis_points":"kjh","description":"jh","external_link":"jh","attributes":[{"traitType":"BACKGROUND","value":"bg1"},{"traitType":"DINOSAUR BASE","value":"dn2"},{"traitType":"EYE ACCESSORY","value":"e1"},{"traitType":"HEADGEAR","value":"h8"},{"traitType":"LANDS","value":"land1"},{"traitType":"MOUTHPIECE","value":"m4"},{"traitType":"SPEECH BUBBLE","value":"sp4"},{"traitType":"SPIKE","value":"spike4"},{"traitType":"SPOT","value":"spot1"}],"property":{"creators":[{"creator":"hjk","share":"jk"}]},"traits":{"rarity":50}},{"name":"abc #72","symbol":"hjk","seller_fee_basis_points":"kjh","description":"jh","external_link":"jh","attributes":[{"traitType":"BACKGROUND","value":"bg2"},{"traitType":"DINOSAUR BASE","value":"dn2"},{"traitType":"EYE ACCESSORY","value":"e3"},{"traitType":"HEADGEAR","value":"h14"},{"traitType":"LANDS","value":"land2"},{"traitType":"MOUTHPIECE","value":"m2"},{"traitType":"SPEECH BUBBLE","value":"sp7"},{"traitType":"SPIKE","value":"spike3"},{"traitType":"SPOT","value":"spot6"}],"property":{"creators":[{"creator":"hjk","share":"jk"}]},"traits":{"rarity":50}},{"name":"abc #73","symbol":"hjk","seller_fee_basis_points":"kjh","description":"jh","external_link":"jh","attributes":[{"traitType":"BACKGROUND","value":"bg3"},{"traitType":"DINOSAUR BASE","value":"dn2"},{"traitType":"EYE ACCESSORY","value":"e3"},{"traitType":"HEADGEAR","value":"h6"},{"traitType":"LANDS","value":"land2"},{"traitType":"MOUTHPIECE","value":"m1"},{"traitType":"SPEECH BUBBLE","value":"sp5"},{"traitType":"SPIKE","value":"spike4"},{"traitType":"SPOT","value":"spot2"}],"property":{"creators":[{"creator":"hjk","share":"jk"}]},"traits":{"rarity":50}},{"name":"abc #74","symbol":"hjk","seller_fee_basis_points":"kjh","description":"jh","external_link":"jh","attributes":[{"traitType":"BACKGROUND","value":"bg1"},{"traitType":"DINOSAUR BASE","value":"dn3"},{"traitType":"EYE ACCESSORY","value":"e4"},{"traitType":"HEADGEAR","value":"h16"},{"traitType":"LANDS","value":"land1"},{"traitType":"MOUTHPIECE","value":"m5"},{"traitType":"SPEECH BUBBLE","value":"sp6"},{"traitType":"SPIKE","value":"spike5"},{"traitType":"SPOT","value":"spot2"}],"property":{"creators":[{"creator":"hjk","share":"jk"}]},"traits":{"rarity":50}},{"name":"abc #75","symbol":"hjk","seller_fee_basis_points":"kjh","description":"jh","external_link":"jh","attributes":[{"traitType":"BACKGROUND","value":"bg2"},{"traitType":"DINOSAUR BASE","value":"dn5"},{"traitType":"EYE ACCESSORY","value":"e2"},{"traitType":"HEADGEAR","value":"h13"},{"traitType":"LANDS","value":"land2"},{"traitType":"MOUTHPIECE","value":"m3"},{"traitType":"SPEECH BUBBLE","value":"sp9"},{"traitType":"SPIKE","value":"spike3"},{"traitType":"SPOT","value":"spot8"}],"property":{"creators":[{"creator":"hjk","share":"jk"}]},"traits":{"rarity":50}},{"name":"abc #76","symbol":"hjk","seller_fee_basis_points":"kjh","description":"jh","external_link":"jh","attributes":[{"traitType":"BACKGROUND","value":"bg2"},{"traitType":"DINOSAUR BASE","value":"dn5"},{"traitType":"EYE ACCESSORY","value":"e4"},{"traitType":"HEADGEAR","value":"h8"},{"traitType":"LANDS","value":"land1"},{"traitType":"MOUTHPIECE","value":"m1"},{"traitType":"SPEECH BUBBLE","value":"sp8"},{"traitType":"SPIKE","value":"spike2"},{"traitType":"SPOT","value":"spot2"}],"property":{"creators":[{"creator":"hjk","share":"jk"}]},"traits":{"rarity":50}},{"name":"abc #77","symbol":"hjk","seller_fee_basis_points":"kjh","description":"jh","external_link":"jh","attributes":[{"traitType":"BACKGROUND","value":"bg1"},{"traitType":"DINOSAUR BASE","value":"dn4"},{"traitType":"EYE ACCESSORY","value":"e3"},{"traitType":"HEADGEAR","value":"h17"},{"traitType":"LANDS","value":"land3"},{"traitType":"MOUTHPIECE","value":"m5"},{"traitType":"SPEECH BUBBLE","value":"sp6"},{"traitType":"SPIKE","value":"spike3"},{"traitType":"SPOT","value":"spot9"}],"property":{"creators":[{"creator":"hjk","share":"jk"}]},"traits":{"rarity":50}},{"name":"abc #78","symbol":"hjk","seller_fee_basis_points":"kjh","description":"jh","external_link":"jh","attributes":[{"traitType":"BACKGROUND","value":"bg1"},{"traitType":"DINOSAUR BASE","value":"dn7"},{"traitType":"EYE ACCESSORY","value":"e1"},{"traitType":"HEADGEAR","value":"h14"},{"traitType":"LANDS","value":"land2"},{"traitType":"MOUTHPIECE","value":"m4"},{"traitType":"SPEECH BUBBLE","value":"sp7"},{"traitType":"SPIKE","value":"spike4"},{"traitType":"SPOT","value":"spot6"}],"property":{"creators":[{"creator":"hjk","share":"jk"}]},"traits":{"rarity":50}},{"name":"abc #79","symbol":"hjk","seller_fee_basis_points":"kjh","description":"jh","external_link":"jh","attributes":[{"traitType":"BACKGROUND","value":"bg1"},{"traitType":"DINOSAUR BASE","value":"dn7"},{"traitType":"EYE ACCESSORY","value":"e3"},{"traitType":"HEADGEAR","value":"h3"},{"traitType":"LANDS","value":"land2"},{"traitType":"MOUTHPIECE","value":"m4"},{"traitType":"SPEECH BUBBLE","value":"sp2"},{"traitType":"SPIKE","value":"spike2"},{"traitType":"SPOT","value":"spot6"}],"property":{"creators":[{"creator":"hjk","share":"jk"}]},"traits":{"rarity":50}},{"name":"abc #80","symbol":"hjk","seller_fee_basis_points":"kjh","description":"jh","external_link":"jh","attributes":[{"traitType":"BACKGROUND","value":"bg1"},{"traitType":"DINOSAUR BASE","value":"dn4"},{"traitType":"EYE ACCESSORY","value":"e1"},{"traitType":"HEADGEAR","value":"h17"},{"traitType":"LANDS","value":"land2"},{"traitType":"MOUTHPIECE","value":"m1"},{"traitType":"SPEECH BUBBLE","value":"sp3"},{"traitType":"SPIKE","value":"spike5"},{"traitType":"SPOT","value":"spot8"}],"property":{"creators":[{"creator":"hjk","share":"jk"}]},"traits":{"rarity":50}},{"name":"abc #81","symbol":"hjk","seller_fee_basis_points":"kjh","description":"jh","external_link":"jh","attributes":[{"traitType":"BACKGROUND","value":"bg3"},{"traitType":"DINOSAUR BASE","value":"dn1"},{"traitType":"EYE ACCESSORY","value":"e2"},{"traitType":"HEADGEAR","value":"h1"},{"traitType":"LANDS","value":"land3"},{"traitType":"MOUTHPIECE","value":"m3"},{"traitType":"SPEECH BUBBLE","value":"sp8"},{"traitType":"SPIKE","value":"spike4"},{"traitType":"SPOT","value":"spot6"}],"property":{"creators":[{"creator":"hjk","share":"jk"}]},"traits":{"rarity":50}},{"name":"abc #82","symbol":"hjk","seller_fee_basis_points":"kjh","description":"jh","external_link":"jh","attributes":[{"traitType":"BACKGROUND","value":"bg1"},{"traitType":"DINOSAUR BASE","value":"dn4"},{"traitType":"EYE ACCESSORY","value":"e1"},{"traitType":"HEADGEAR","value":"h2"},{"traitType":"LANDS","value":"land2"},{"traitType":"MOUTHPIECE","value":"m4"},{"traitType":"SPEECH BUBBLE","value":"sp5"},{"traitType":"SPIKE","value":"spike7"},{"traitType":"SPOT","value":"spoy3"}],"property":{"creators":[{"creator":"hjk","share":"jk"}]},"traits":{"rarity":50}},{"name":"abc #83","symbol":"hjk","seller_fee_basis_points":"kjh","description":"jh","external_link":"jh","attributes":[{"traitType":"BACKGROUND","value":"bg1"},{"traitType":"DINOSAUR BASE","value":"dn1"},{"traitType":"EYE ACCESSORY","value":"e1"},{"traitType":"HEADGEAR","value":"h15"},{"traitType":"LANDS","value":"land1"},{"traitType":"MOUTHPIECE","value":"m2"},{"traitType":"SPEECH BUBBLE","value":"sp7"},{"traitType":"SPIKE","value":"spike6"},{"traitType":"SPOT","value":"spot1"}],"property":{"creators":[{"creator":"hjk","share":"jk"}]},"traits":{"rarity":50}},{"name":"abc #84","symbol":"hjk","seller_fee_basis_points":"kjh","description":"jh","external_link":"jh","attributes":[{"traitType":"BACKGROUND","value":"bg2"},{"traitType":"DINOSAUR BASE","value":"dn7"},{"traitType":"EYE ACCESSORY","value":"e5"},{"traitType":"HEADGEAR","value":"h14"},{"traitType":"LANDS","value":"land2"},{"traitType":"MOUTHPIECE","value":"m4"},{"traitType":"SPEECH BUBBLE","value":"sp9"},{"traitType":"SPIKE","value":"spike6"},{"traitType":"SPOT","value":"spot9"}],"property":{"creators":[{"creator":"hjk","share":"jk"}]},"traits":{"rarity":50}},{"name":"abc #85","symbol":"hjk","seller_fee_basis_points":"kjh","description":"jh","external_link":"jh","attributes":[{"traitType":"BACKGROUND","value":"bg3"},{"traitType":"DINOSAUR BASE","value":"dn4"},{"traitType":"EYE ACCESSORY","value":"e3"},{"traitType":"HEADGEAR","value":"h9"},{"traitType":"LANDS","value":"land2"},{"traitType":"MOUTHPIECE","value":"m4"},{"traitType":"SPEECH BUBBLE","value":"sp9"},{"traitType":"SPIKE","value":"spike3"},{"traitType":"SPOT","value":"spot1"}],"property":{"creators":[{"creator":"hjk","share":"jk"}]},"traits":{"rarity":50}},{"name":"abc #86","symbol":"hjk","seller_fee_basis_points":"kjh","description":"jh","external_link":"jh","attributes":[{"traitType":"BACKGROUND","value":"bg3"},{"traitType":"DINOSAUR BASE","value":"dn3"},{"traitType":"EYE ACCESSORY","value":"e5"},{"traitType":"HEADGEAR","value":"h9"},{"traitType":"LANDS","value":"land1"},{"traitType":"MOUTHPIECE","value":"m3"},{"traitType":"SPEECH BUBBLE","value":"sp7"},{"traitType":"SPIKE","value":"spike2"},{"traitType":"SPOT","value":"spot5"}],"property":{"creators":[{"creator":"hjk","share":"jk"}]},"traits":{"rarity":50}},{"name":"abc #87","symbol":"hjk","seller_fee_basis_points":"kjh","description":"jh","external_link":"jh","attributes":[{"traitType":"BACKGROUND","value":"bg3"},{"traitType":"DINOSAUR BASE","value":"dn5"},{"traitType":"EYE ACCESSORY","value":"e4"},{"traitType":"HEADGEAR","value":"h3"},{"traitType":"LANDS","value":"land3"},{"traitType":"MOUTHPIECE","value":"m2"},{"traitType":"SPEECH BUBBLE","value":"sp7"},{"traitType":"SPIKE","value":"spike7"},{"traitType":"SPOT","value":"spot5"}],"property":{"creators":[{"creator":"hjk","share":"jk"}]},"traits":{"rarity":50}},{"name":"abc #88","symbol":"hjk","seller_fee_basis_points":"kjh","description":"jh","external_link":"jh","attributes":[{"traitType":"BACKGROUND","value":"bg1"},{"traitType":"DINOSAUR BASE","value":"dn2"},{"traitType":"EYE ACCESSORY","value":"e3"},{"traitType":"HEADGEAR","value":"h3"},{"traitType":"LANDS","value":"land1"},{"traitType":"MOUTHPIECE","value":"m4"},{"traitType":"SPEECH BUBBLE","value":"sp6"},{"traitType":"SPIKE","value":"spike7"},{"traitType":"SPOT","value":"spot8"}],"property":{"creators":[{"creator":"hjk","share":"jk"}]},"traits":{"rarity":50}},{"name":"abc #89","symbol":"hjk","seller_fee_basis_points":"kjh","description":"jh","external_link":"jh","attributes":[{"traitType":"BACKGROUND","value":"bg1"},{"traitType":"DINOSAUR BASE","value":"dn2"},{"traitType":"EYE ACCESSORY","value":"e1"},{"traitType":"HEADGEAR","value":"h1"},{"traitType":"LANDS","value":"land2"},{"traitType":"MOUTHPIECE","value":"m4"},{"traitType":"SPEECH BUBBLE","value":"sp5"},{"traitType":"SPIKE","value":"spike1"},{"traitType":"SPOT","value":"spot6"}],"property":{"creators":[{"creator":"hjk","share":"jk"}]},"traits":{"rarity":50}},{"name":"abc #90","symbol":"hjk","seller_fee_basis_points":"kjh","description":"jh","external_link":"jh","attributes":[{"traitType":"BACKGROUND","value":"bg3"},{"traitType":"DINOSAUR BASE","value":"dn5"},{"traitType":"EYE ACCESSORY","value":"e5"},{"traitType":"HEADGEAR","value":"h14"},{"traitType":"LANDS","value":"land2"},{"traitType":"MOUTHPIECE","value":"m1"},{"traitType":"SPEECH BUBBLE","value":"sp5"},{"traitType":"SPIKE","value":"spike1"},{"traitType":"SPOT","value":"spot2"}],"property":{"creators":[{"creator":"hjk","share":"jk"}]},"traits":{"rarity":50}},{"name":"abc #91","symbol":"hjk","seller_fee_basis_points":"kjh","description":"jh","external_link":"jh","attributes":[{"traitType":"BACKGROUND","value":"bg2"},{"traitType":"DINOSAUR BASE","value":"dn2"},{"traitType":"EYE ACCESSORY","value":"e4"},{"traitType":"HEADGEAR","value":"h14"},{"traitType":"LANDS","value":"land2"},{"traitType":"MOUTHPIECE","value":"m1"},{"traitType":"SPEECH BUBBLE","value":"sp6"},{"traitType":"SPIKE","value":"spike5"},{"traitType":"SPOT","value":"spot2"}],"property":{"creators":[{"creator":"hjk","share":"jk"}]},"traits":{"rarity":50}},{"name":"abc #92","symbol":"hjk","seller_fee_basis_points":"kjh","description":"jh","external_link":"jh","attributes":[{"traitType":"BACKGROUND","value":"bg1"},{"traitType":"DINOSAUR BASE","value":"dn6"},{"traitType":"EYE ACCESSORY","value":"e1"},{"traitType":"HEADGEAR","value":"h14"},{"traitType":"LANDS","value":"land1"},{"traitType":"MOUTHPIECE","value":"m2"},{"traitType":"SPEECH BUBBLE","value":"sp2"},{"traitType":"SPIKE","value":"spike3"},{"traitType":"SPOT","value":"spot6"}],"property":{"creators":[{"creator":"hjk","share":"jk"}]},"traits":{"rarity":50}},{"name":"abc #93","symbol":"hjk","seller_fee_basis_points":"kjh","description":"jh","external_link":"jh","attributes":[{"traitType":"BACKGROUND","value":"bg2"},{"traitType":"DINOSAUR BASE","value":"dn3"},{"traitType":"EYE ACCESSORY","value":"e2"},{"traitType":"HEADGEAR","value":"h14"},{"traitType":"LANDS","value":"land3"},{"traitType":"MOUTHPIECE","value":"m5"},{"traitType":"SPEECH BUBBLE","value":"sp8"},{"traitType":"SPIKE","value":"spike6"},{"traitType":"SPOT","value":"spot4"}],"property":{"creators":[{"creator":"hjk","share":"jk"}]},"traits":{"rarity":50}},{"name":"abc #94","symbol":"hjk","seller_fee_basis_points":"kjh","description":"jh","external_link":"jh","attributes":[{"traitType":"BACKGROUND","value":"bg2"},{"traitType":"DINOSAUR BASE","value":"dn6"},{"traitType":"EYE ACCESSORY","value":"e4"},{"traitType":"HEADGEAR","value":"h17"},{"traitType":"LANDS","value":"land3"},{"traitType":"MOUTHPIECE","value":"m5"},{"traitType":"SPEECH BUBBLE","value":"sp1"},{"traitType":"SPIKE","value":"spike7"},{"traitType":"SPOT","value":"spot4"}],"property":{"creators":[{"creator":"hjk","share":"jk"}]},"traits":{"rarity":50}},{"name":"abc #95","symbol":"hjk","seller_fee_basis_points":"kjh","description":"jh","external_link":"jh","attributes":[{"traitType":"BACKGROUND","value":"bg1"},{"traitType":"DINOSAUR BASE","value":"dn7"},{"traitType":"EYE ACCESSORY","value":"e5"},{"traitType":"HEADGEAR","value":"h18"},{"traitType":"LANDS","value":"land2"},{"traitType":"MOUTHPIECE","value":"m3"},{"traitType":"SPEECH BUBBLE","value":"sp4"},{"traitType":"SPIKE","value":"spike3"},{"traitType":"SPOT","value":"spot1"}],"property":{"creators":[{"creator":"hjk","share":"jk"}]},"traits":{"rarity":50}},{"name":"abc #96","symbol":"hjk","seller_fee_basis_points":"kjh","description":"jh","external_link":"jh","attributes":[{"traitType":"BACKGROUND","value":"bg1"},{"traitType":"DINOSAUR BASE","value":"dn3"},{"traitType":"EYE ACCESSORY","value":"e2"},{"traitType":"HEADGEAR","value":"h10"},{"traitType":"LANDS","value":"land1"},{"traitType":"MOUTHPIECE","value":"m2"},{"traitType":"SPEECH BUBBLE","value":"sp6"},{"traitType":"SPIKE","value":"spike2"},{"traitType":"SPOT","value":"spot2"}],"property":{"creators":[{"creator":"hjk","share":"jk"}]},"traits":{"rarity":50}},{"name":"abc #97","symbol":"hjk","seller_fee_basis_points":"kjh","description":"jh","external_link":"jh","attributes":[{"traitType":"BACKGROUND","value":"bg1"},{"traitType":"DINOSAUR BASE","value":"dn1"},{"traitType":"EYE ACCESSORY","value":"e1"},{"traitType":"HEADGEAR","value":"h9"},{"traitType":"LANDS","value":"land1"},{"traitType":"MOUTHPIECE","value":"m3"},{"traitType":"SPEECH BUBBLE","value":"sp6"},{"traitType":"SPIKE","value":"spike7"},{"traitType":"SPOT","value":"spot1"}],"property":{"creators":[{"creator":"hjk","share":"jk"}]},"traits":{"rarity":50}},{"name":"abc #98","symbol":"hjk","seller_fee_basis_points":"kjh","description":"jh","external_link":"jh","attributes":[{"traitType":"BACKGROUND","value":"bg1"},{"traitType":"DINOSAUR BASE","value":"dn1"},{"traitType":"EYE ACCESSORY","value":"e5"},{"traitType":"HEADGEAR","value":"h15"},{"traitType":"LANDS","value":"land3"},{"traitType":"MOUTHPIECE","value":"m3"},{"traitType":"SPEECH BUBBLE","value":"sp5"},{"traitType":"SPIKE","value":"spike1"},{"traitType":"SPOT","value":"spot8"}],"property":{"creators":[{"creator":"hjk","share":"jk"}]},"traits":{"rarity":50}},{"name":"abc #99","symbol":"hjk","seller_fee_basis_points":"kjh","description":"jh","external_link":"jh","attributes":[{"traitType":"BACKGROUND","value":"bg1"},{"traitType":"DINOSAUR BASE","value":"dn2"},{"traitType":"EYE ACCESSORY","value":"e1"},{"traitType":"HEADGEAR","value":"h2"},{"traitType":"LANDS","value":"land2"},{"traitType":"MOUTHPIECE","value":"m3"},{"traitType":"SPEECH BUBBLE","value":"sp7"},{"traitType":"SPIKE","value":"spike5"},{"traitType":"SPOT","value":"spot4"}],"property":{"creators":[{"creator":"hjk","share":"jk"}]},"traits":{"rarity":50}}]